title,price,link,mrp,discount_percentage
"Sponsored Ad - Samsung Galaxy Z Fold6 5G Smartphone with Galaxy AI (Silver Shadow, 12GB RAM, 256GB Storage), 50MP High-Res...","₹1,03,999",https://www.amazon.in/dp/B0D73TQLFZ,164999.0,36.97
Sponsored Ad - Apple iPhone 15 (128 GB) - Blue,"₹47,999",https://www.amazon.in/dp/B0CHX2F5QT,69900.0,31.33
"Samsung Galaxy M05 (Mint Green, 4GB RAM, 64 GB Storage) | 50MP Dual Camera | Bigger 6.7"" HD+ Display | 5000mAh Battery | 2...",Up to 5% back with Amazon Pay ICICI card,https://www.amazon.in/dp/B0DFY3XCB6,9999.0,99.95
"Samsung Galaxy M06 5G (Sage Green, 6GB RAM, 128 GB Storage) | MediaTek Dimensity 6300 | AnTuTu Score 422K+ | 12 5G Bands| ...","₹8,999",https://www.amazon.in/dp/B0DX655V11,15499.0,41.94
"realme 15 Smartphone 5G 256GB ROM 8GB RAM 6.8"" AMOLED Display 144Hz, 7000mAh Battery 80W Fast Charge IP69 Waterproof 50MP ...","₹26,599",https://www.amazon.in/dp/B0FLV9WKHM,32999.0,19.39
"Redmi A4 5G (Sparkle Purple, 4GB RAM, 64GB Storage) | Segment Largest 6.88in 120Hz | 50MP Dual Camera | 18W Fast Charging...","₹7,499",https://www.amazon.in/dp/B0DLW427YG,10999.0,31.82
"Redmi 13 5G Prime Edition, Orchid Pink, 8GB+128GB | India Debut SD 4 Gen 2 AE | 108MP Pro Grade Camera | 6.79in Largest Di...","₹10,999",https://www.amazon.in/dp/B0D78X5CMJ,19999.0,45.0
"Samsung Galaxy M06 5G (Sage Green, 4GB RAM, 64GB Storage) | MediaTek Dimensity 6300 | AnTuTu Score 422K+ | 12 5G Bands| 25...",Up to 5% back with Amazon Pay ICICI card,https://www.amazon.in/dp/B0F3X54YTF,12499.0,99.96
"realme 14T 5G Smartphone 8GB RAM 128GB ROM 6.67 Inch AMOLED Screen 120Hz, IP69 Water Resistence, 6000mAh Battery 45W Fast ...",10% on select bank cards,https://www.amazon.in/dp/B0B8TPKBY1,20999.0,99.95
"Nokia 105 Classic | Single SIM Keypad Phone with Built-in UPI Payments, Long-Lasting Battery, Wireless FM Radio, Without C...",₹949,https://www.amazon.in/dp/B0CJMGTMHS,1249.0,24.02
"Sponsored Ad - iPhone Air 256 GB: Thinnest iPhone Ever, 16.63 cm (6.5″) Display with Promotion up to 120Hz, Powerful A19 P...",Additional Flat INR 3000 Off on SBI Cards,https://www.amazon.in/dp/B0FQFTV1NP,119900.0,97.5
Sponsored Ad - Apple iPhone 15 Plus (128 GB) - Black,Additional Flat INR 2000 Off on SBI Cards,https://www.amazon.in/dp/B0CHXCR9CX,89900.0,97.78
"Redmi 13 5G Prime Edition, Hawaiian Blue, 8GB+128GB | India Debut SD 4 Gen 2 AE | 108MP Pro Grade Camera | 6.79in Largest ...","₹10,999",https://www.amazon.in/dp/B0D78X544X,19999.0,45.0
"OnePlus Nord CE4 Lite 5G (Super Silver, 8GB RAM, 128GB Storage) | Lifetime Display Warranty | 5500 mAh Battery, 80W SUPERV...","₹15,499",https://www.amazon.in/dp/B0D5YCYS1G,20999.0,26.19
"Redmi 13 5G Prime Edition, Black Diamond, 8GB+128GB | India Debut SD 4 Gen 2 AE | 108MP Pro Grade Camera | 6.79in Largest ...","₹10,999",https://www.amazon.in/dp/B0D78Y577J,19999.0,45.0
"Samsung Galaxy A55 5G (Awesome Iceblue, 12GB RAM, 256GB Storage) | AI | Metal Frame | 50 MP Main Camera (OIS) | Super HDR ...","₹28,999",https://www.amazon.in/dp/B0CWPDFBK7,48999.0,40.82
"Samsung Galaxy M06 5G (Blazing Black, 4GB RAM, 64GB Storage) | MediaTek Dimensity 6300 | AnTuTu Score 422K+ | 12 5G Bands...",Up to 5% back with Amazon Pay ICICI card,https://www.amazon.in/dp/B0F3X4R33R,12499.0,99.96
"Lava Storm Play 5G (Frosty Blue, 8+8*GB RAM, 256 GB Storage)|India's First MT D7060 Processor with 525k Antutu |50 MP AI C...","₹12,499",https://www.amazon.in/dp/B0FL7YZF3G,15449.0,19.1
"Redmi A4 5G (Starry Black, 6GB RAM, 128GB Storage) | Segment Largest 6.88in 120Hz | 50MP Dual Camera | 18W Fast Charging |...","₹8,999",https://www.amazon.in/dp/B0FBRM15FH,12999.0,30.77
"Samsung Galaxy A55 5G (Awesome Iceblue, 8GB RAM, 256GB Storage) | AI | Metal Frame | 50 MP Main Camera (OIS) | Super HDR V...","₹25,999",https://www.amazon.in/dp/B0CWPCFSM3,45999.0,43.48
"Sponsored Ad - iPhone 16 128 GB: 5G Mobile Phone with Camera Control, A18 Chip and a Big Boost in Battery Life. Works with...",Additional Flat INR 3000 Off on SBI Cards,https://www.amazon.in/dp/B0DGJH8RYG,79900.0,96.25
"Sponsored Ad - iPhone 16 Pro Max 256 GB: 5G Mobile Phone with Camera Control, 4K 120 fps Dolby Vision and a Huge Leap in B...",Additional Flat INR 2000 Off on SBI Cards,https://www.amazon.in/dp/B0DGHYDZR9,144900.0,98.62
Sponsored Ad - Apple iPhone 15 (128 GB) - Black,"₹47,999",https://www.amazon.in/dp/B0CHX1W1XY,69900.0,31.33
"Nokia All-New 105 Single Sim Keypad Phone with Built-in UPI Payments, Long-Lasting Battery, Wireless FM Radio | Red","₹1,199",https://www.amazon.in/dp/B0C5RJHD7D,1599.0,25.02
"iQOO Z10 Lite 5G (Cyber Green, 6GB RAM, 128GB Storage) | 6000 mAh Battery | Dimensity 6300 5G Processor with 433K+* AnTuTu...",10% on select bank cards,https://www.amazon.in/dp/B0FC5XK9WZ,14999.0,99.93
XIAOMI 14 Civi Shadow Black (8GB RAM 256GB Storage) | 50 MP Leica Triple Camera| SD 8s Gen 3 | 1.5K Quad Curved AMOLED Hyp...,"₹25,999",https://www.amazon.in/dp/B0D81JPDKX,54999.0,52.73
"Samsung Galaxy M06 5G (Blazing Black, 4GB RAM, 128 GB Storage) | MediaTek Dimensity 6300 | AnTuTu Score 422K+ | 12 5G Band...",Up to 5% back with Amazon Pay ICICI card,https://www.amazon.in/dp/B0DX6S111L,13999.0,99.96
"Motorola g45 5G (Pantone Moss, 128 GB) (8 GB RAM)",10% on select bank cards,https://www.amazon.in/dp/B0FL21SZXQ,14999.0,99.93
"iQOO Neo 10 (Titanium Chrome, 16GB RAM, 512GB Storage) | Snapdragon 8s Gen 4 Processor & SuperComputing Chip Q1 | 7000 mAh...","₹38,998",https://www.amazon.in/dp/B0F83K513N,45999.0,15.22
"POCO M7 5G, Ocean Blue (6GB, 128GB)",Up to 5% back with Amazon Pay ICICI card,https://www.amazon.in/dp/B0F135PGDX,12999.0,99.96
"Motorola G05 4G (Forest Green, 4GB RAM, 64GB Storage)",10% on select bank cards,https://www.amazon.in/dp/B0DSTLPR3C,9999.0,99.9
"Sponsored Ad - iPhone Air 1 TB: Thinnest iPhone Ever, 16.63 cm (6.5″) Display with Promotion up to 120Hz, Powerful A19 Pro...",Additional Flat INR 3000 Off on SBI Cards,https://www.amazon.in/dp/B0FQG8WM6R,159900.0,98.12
"Sponsored Ad - iPhone 16 128 GB: 5G Mobile Phone with Camera Control, A18 Chip and a Big Boost in Battery Life. Works with...",Additional Flat INR 3000 Off on SBI Cards,https://www.amazon.in/dp/B0DGJ7TGDR,79900.0,96.25
"Redmi A4 5G (Starry Black, 4GB RAM, 64GB Storage) | Segment Largest 6.88in 120Hz | 50MP Dual Camera | 18W Fast Charging | ...","₹7,499",https://www.amazon.in/dp/B0DLW1L5PR,10999.0,31.82
"Redmi A4 5G (Starry Black, 4GB RAM, 128GB Storage) | Segment Largest 6.88in 120Hz | 50MP Dual Camera | 18W Fast Charging |...","₹8,299",https://www.amazon.in/dp/B0DLW4QD72,11999.0,30.84
"POCO M7 5G Mint Green 6GB RAM|128GB ROM|SD4 Gen2 Processor|6.88"" HD+ Display|50MP Camera|8MP Front Camera|5160 mAh Battery","₹8,499",https://www.amazon.in/dp/B0F5Q2F8G2,12999.0,34.62
"Samsung Galaxy M06 5G (Blazing Black, 6GB RAM, 128 GB Storage) | MediaTek Dimensity 6300 | AnTuTu Score 422K+ | 12 5G Band...","₹8,999",https://www.amazon.in/dp/B0DX5R87P8,15499.0,41.94
"Samsung Galaxy A55 5G (Awesome Navy, 8GB RAM, 256GB Storage) | AI | Metal Frame | 50 MP Main Camera (OIS) | Super HDR Vide...","₹25,999",https://www.amazon.in/dp/B0CWPBBQ3M,45999.0,43.48
"Samsung Galaxy S24 Ultra 5G AI Smartphone with Galaxy AI (Titanium Gray, 12GB, 256GB Storage), Snapdragon 8 Gen 3, 200 MP ...",,https://www.amazon.in/dp/B0CS5XW6TN,,
"Samsung Galaxy A55 5G (Awesome Navy, 8GB RAM, 128GB Storage) | AI | Metal Frame | 50 MP Main Camera (OIS) | Super HDR Vide...","₹23,999",https://www.amazon.in/dp/B0CWPDH74H,42999.0,44.19
POCO M6 Plus 5G Graphite Black 8GB RAM 128GB ROM,"₹10,299",https://www.amazon.in/dp/B0D9KHQ4M1,14499.0,28.97
Sponsored Ad - OnePlus Nord CE5 | Massive 7100mAh Battery | MediaTek Dimensity 8350 Apex | Powered by OnePlus AI | 8GB + 1...,"₹23,499",https://www.amazon.in/dp/B0FCMLCX46,24999.0,6.0
Sponsored Ad - Apple iPhone 15 (128 GB) - Green,"₹47,999",https://www.amazon.in/dp/B0CHX6NQMD,69900.0,31.33
"POCO C71, Cool Blue (6GB, 128GB)","₹6,799",https://www.amazon.in/dp/B0F53SH9LJ,9999.0,32.0
Redmi A3X Midnight Black 4GB RAM 128GB ROM,10% on select bank cards,https://www.amazon.in/dp/B0D78VSVGS,10999.0,99.91
"POCO M7 5G, Satin Black (6GB, 128GB)","₹8,499",https://www.amazon.in/dp/B0F134C6R6,12999.0,34.62
"Lava Bold N1 Pro (Stealth Black, 4 GB RAM, 128 GB Storage)| Bigger 6.67"" HD+ IP54 Display | 120 Hz Refresh Rate | 50 MP AI...","₹6,599",https://www.amazon.in/dp/B0F1Z259NF,8399.0,21.43
"Motorola G45 5G (Viva Magenta, 8GB RAM, 128GB Storage)",10% on select bank cards,https://www.amazon.in/dp/B0DDY9XDJS,14999.0,99.93
"POCO C71, Desert Gold (6GB, 128GB)","₹6,799",https://www.amazon.in/dp/B0F53RRM5B,9999.0,32.0
"iQOO Z10x 5G (Titanium, 8GB RAM, 256GB Storage) | 6500 mAh Large Capacity Battery | Dimensity 7300 Processor | Military-Gr...",Up to 5% back with Amazon Pay ICICI card,https://www.amazon.in/dp/B0F2T5RBCW,20499.0,99.98
"Sponsored Ad - iPhone Air 256 GB: Thinnest iPhone Ever, 16.63 cm (6.5″) Display with Promotion up to 120Hz, Powerful A19 P...",Additional Flat INR 3000 Off on SBI Cards,https://www.amazon.in/dp/B0FQFJGP8S,119900.0,97.5
"Sponsored Ad - iPhone 16 128 GB: 5G Mobile Phone with Camera Control, A18 Chip and a Big Boost in Battery Life. Works with...",Additional Flat INR 3000 Off on SBI Cards,https://www.amazon.in/dp/B0DGJHBX5Y,79900.0,96.25
"Redmi A4 5G (Sparkle Purple, 4GB RAM, 128GB Storage) | Segment Largest 6.88in 120Hz | 50MP Dual Camera | 18W Fast Charging...","₹8,299",https://www.amazon.in/dp/B0DLW44CGS,11499.0,27.83
"Tecno Phantom V Fold 2, Largest Battery 5750mAh, Segment Largest Display, Strongest Fold Ever, Rear-Triple 50MP Camera wit...","₹89,999",https://www.amazon.in/dp/B0DMFMGP26,119999.0,25.0
"iQOO Z10x 5G (Ultramarine, 6GB RAM, 128GB Storage) | 6500 mAh Large Capacity Battery | Dimensity 7300 Processor | Militar...","₹12,998",https://www.amazon.in/dp/B0F2T7B9TM,17499.0,25.72
Apple iPhone 15 (128 GB) - Pink,"₹47,999",https://www.amazon.in/dp/B0CHX3TW6X,69900.0,31.33
"Nokia 105 Classic | Single SIM Keypad Phone with Built-in UPI Payments, Long-Lasting Battery, Wireless FM Radio | Without ...",₹949,https://www.amazon.in/dp/B0CJMJQ1QD,1249.0,24.02
"Lava Bold N1 Pro (Titanium Gold, 4 GB RAM, 128 GB Storage)| Bigger 6.67"" HD+ IP54 Display | 120 Hz Refresh Rate | 50 MP AI...","₹6,599",https://www.amazon.in/dp/B0F1Z3QTM8,8339.0,20.87
"Samsung Galaxy A35 5G (Awesome Lilac, 8GB RAM, 128GB Storage) | Premium Glass Back | 50 MP Main Camera (OIS) | Nightograph...",10% on select bank cards,https://www.amazon.in/dp/B0CWPD4QWK,33999.0,99.97
Sponsored Ad - OnePlus Nord CE5 | Massive 7100mAh Battery | MediaTek Dimensity 8350 Apex | Powered by OnePlus AI | 8GB + 1...,"₹23,499",https://www.amazon.in/dp/B0FCMJT7R7,24999.0,6.0
"Samsung Galaxy M06 5G (Sage Green, 4GB RAM, 128 GB Storage) | MediaTek Dimensity 6300 | AnTuTu Score 422K+ | 12 5G Bands| ...",Up to 5% back with Amazon Pay ICICI card,https://www.amazon.in/dp/B0DX6P3RX9,13999.0,99.96
"Motorola Edge 50 Fusion 5G (Hot Pink, 12GB RAM, 256GB Storage)",10% on select bank cards,https://www.amazon.in/dp/B0D4JNVVHH,27999.0,99.96
"OnePlus Nord 4 5G (Oasis Green, 8GB RAM, 256GB Storage) | Lifetime Display Warranty | Qualcomm® Snapdragon™ 7 Plus Gen 3 |...",10% on select bank cards,https://www.amazon.in/dp/B0D7VGZS69,32999.0,99.97
"Redmi A4 5G (Sparkle Purple, 6GB RAM, 128GB Storage) | Global Debut SD 4s Gen 2 | Segment Largest 6.88in 120Hz | 50MP Dual...","₹8,999",https://www.amazon.in/dp/B0FBR69B2R,12999.0,30.77
"OnePlus Nord CE4 Lite 5G (Mega Blue, 8GB RAM, 128GB Storage)","₹15,499",https://www.amazon.in/dp/B0D5YFZ946,20999.0,26.19
"Motorola G96 5G 144Hz 3D Curved pOLED, 50MP OIS Camera, 32MP Selfie, 5500mAh Battery, Snapdragon 7s Gen 2, IP68 Water Resi...",10% on select bank cards,https://www.amazon.in/dp/B0FHGD4VNY,20999.0,99.95
"iQOO Z10 Lite 5G (Titanium Blue, 8GB RAM, 256GB Storage) | 6000 mAh Battery | Dimensity 6300 5G Processor with 433K+* AnTu...",10% on select bank cards,https://www.amazon.in/dp/B0FC5QGMZ1,16999.0,99.94
"Samsung Galaxy A56 5G (Awesome Graphite, 12GB, 256GB) | Metal Frame | Gemini Live | Awesome Intelligence (AI): Circle to S...","₹40,999",https://www.amazon.in/dp/B0DYDP8ZZK,52999.0,22.64
"Sponsored Ad - iPhone Air 1 TB: Thinnest iPhone Ever, 16.63 cm (6.5″) Display with Promotion up to 120Hz, Powerful A19 Pro...",Additional Flat INR 3000 Off on SBI Cards,https://www.amazon.in/dp/B0FQFVRC1B,159900.0,98.12
"Sponsored Ad - iPhone 16 256 GB: 5G Mobile Phone with Camera Control, A18 Chip and a Big Boost in Battery Life. Works with...",Additional Flat INR 3000 Off on SBI Cards,https://www.amazon.in/dp/B0DGJ8N32F,89900.0,96.66
"realme NARZO 80 Lite 5G (Crystal Purple, 6GB+128GB) | 6000mAh Long-Lasting Battery | MediaTek Dimensity 6300 5G | AI Assis...","₹9,898",https://www.amazon.in/dp/B0F9TT7Z5Q,14999.0,34.01
"OnePlus Nord CE4 (Dark Chrome, 8GB RAM, 128GB Storage) | Lifetime Display Warranty | Qualcomm® Snapdragon™ 7 Gen 3 - Best ...",10% on select bank cards,https://www.amazon.in/dp/B0CX59H5W7,24999.0,99.96
OnePlus Nord 5 | Snapdragon 8s Gen 3 | Stable 144FPS Gaming | Dual 50MP Flagship Camera | Powered by OnePlus AI | 12GB + 2...,"₹33,499",https://www.amazon.in/dp/B0FCMLCVC7,37999.0,11.84
"realme NARZO 80 Lite 4G (Beach Gold, 4GB+64GB) | 6300mAh Segment's Biggest Battery | 7.94mm Slim Design | 300% Ultra Volum...","₹6,298",https://www.amazon.in/dp/B0FG2NBVBN,8999.0,30.01
"Lava Gem 2025 Dual Sim Keypad Phone (2.8"" Display, Camera & Flash) | 2575mAh Smart AI Powerful Battery | Wireless FM & Rec...","₹1,489",https://www.amazon.in/dp/B0F13RP56D,2099.0,29.06
"Motorola Edge 50 Fusion 5G (Marshmallow Blue, 12GB RAM, 256GB Storage)",10% on select bank cards,https://www.amazon.in/dp/B0D4JLSGBB,27999.0,99.96
"Samsung Galaxy M56 5G (Black, 8 GB RAM, 128 GB Storage)| Slimmest Phone in The Segment| Gorilla Glass Victus+| 10 Bit HDR ...",Flat INR 2250 Off on ALL BanksCards,https://www.amazon.in/dp/B0F43WXC8K,30999.0,92.74
"Motorola G05 4G (Plum Red, 4GB RAM, 64GB Storage)",10% on select bank cards,https://www.amazon.in/dp/B0DSTM3NYN,9999.0,99.9
Sponsored Ad - OnePlus Nord CE5 | Massive 7100mAh Battery | MediaTek Dimensity 8350 Apex | Powered by OnePlus AI | 8GB + 2...,"₹25,499",https://www.amazon.in/dp/B0FCMK41N9,26999.0,5.56
"Sponsored Ad - OnePlus 13R | Smarter with OnePlus AI | Lifetime Display Warranty (12GB RAM, 256GB Storage Nebula Noir)","₹37,999",https://www.amazon.in/dp/B0DPS62DYH,44999.0,15.56
Sponsored Ad - Apple iPhone 15 (256 GB) - Black,"₹57,999",https://www.amazon.in/dp/B0CHX2WQLX,79900.0,27.41
"Sponsored Ad - iPhone 16 128 GB: 5G Mobile Phone with Camera Control, A18 Chip and a Big Boost in Battery Life. Works with...",Additional Flat INR 3000 Off on SBI Cards,https://www.amazon.in/dp/B0DGHZWBYB,79900.0,96.25
"Nokia 2660 Flip 4G Volte keypad Phone with Dual SIM, Dual Screen, inbuilt MP3 Player & Wireless FM Radio | Black","₹4,499",https://www.amazon.in/dp/B0B9YK24TF,5899.0,23.73
"Samsung Galaxy A36 5G (Awesome Lavender, 8GB, 128GB) | Gemini Live | Awesome Intelligence (AI): Circle to Search, My Filte...","₹28,499",https://www.amazon.in/dp/B0DYDPRHRF,35999.0,20.83
"Motorola Edge 50 Pro 5G (Luxe Lavender, 12GB RAM, 256GB Storage)",10% on select bank cards,https://www.amazon.in/dp/B0D37WRCP1,41999.0,99.98
"Samsung Galaxy M16 5G (Blush Pink, 6GB RAM, 128 GB Storage) | MediaTek Dimensity 6300 | AnTuTu Score 422K+ | Super Amoled ...","₹11,749",https://www.amazon.in/dp/B0DX791PX9,17499.0,32.86
"Samsung Galaxy Z Fold7 5G Smartphone with Galaxy AI (Silver Shadow, 12GB RAM, 256GB Storage), Ultra Sleek Design with 200M...",Additional Flat INR 11000 Off on SBICards,https://www.amazon.in/dp/B0FDL5T1PF,174999.0,93.71
"Samsung Galaxy Z Fold7 5G Smartphone with Galaxy AI (JetBlack, 12GB RAM, 256GB Storage), Ultra Sleek Design with 200MP Cam...",Additional Flat INR 11000 Off on SBICards,https://www.amazon.in/dp/B0FDL5K6SV,174999.0,93.71
"Tecno POP 9 5G (Midnight Shadow, 4GB+64GB) | Advanced AI Features | 108MP Ultra Clear AI Camera | D6300 Powerful Processor...",10% on select bank cards,https://www.amazon.in/dp/B0DGMDKWG6,11999.0,99.92
"Nothing Phone (2a) Plus (Grey, 8GB RAM, 256GB Storage) | Up to 16GB RAM | Dimensity 7350 Pro 5G Processor | 50MP + 50MP | ...",10% on select bank cards,https://www.amazon.in/dp/B0DC8F2X6T,29999.0,99.97
"Sponsored Ad - iPhone Air 512 GB: Thinnest iPhone Ever, 16.63 cm (6.5″) Display with Promotion up to 120Hz, Powerful A19 P...",Additional Flat INR 3000 Off on SBI Cards,https://www.amazon.in/dp/B0FQG8LLXS,139900.0,97.86
"Motorola Edge 50 Fusion 5G (Forest Blue, 12GB RAM, 256GB Storage)",10% on select bank cards,https://www.amazon.in/dp/B0D4JM8B2Q,27999.0,99.96
"Lava Bold N1 (Radiant Black, 4 GB RAM, 64 GB Storage) | 6.75"" (90 Hz) HD+ Display | 13MP AI Dual Rear Camera | 5000 mAh Ba...","₹5,999",https://www.amazon.in/dp/B0F83HMDDR,7499.0,20.0
"Google Pixel 9A (Obsidian, 256 GB) (8 GB RAM)",Up to 5% back with Amazon Pay ICICI card,https://www.amazon.in/dp/B0F6CY1S9Z,49999.0,99.99
"Lava Storm Play 5G (Dune Titanium, 6+6*GB RAM, 128GB Storage) | World's First MTK D7060 Processor | 500k+ Antutu | LPDDR5 ...","₹10,499",https://www.amazon.in/dp/B0FB9115N3,13499.0,22.22
POCO M6 Plus 5G Ice Silver 8GB RAM 128GB ROM,"₹10,299",https://www.amazon.in/dp/B0D9KKXJSY,14499.0,28.97
"Samsung Galaxy S24 FE 5G AI Smartphone (Graphite, 8GB RAM, 128GB Storage)",Up to 5% back with Amazon Pay ICICI card,https://www.amazon.in/dp/B0DHL7YT5S,59999.0,99.99
"iQOO Z10 Lite 5G (Cyber Green, 4GB RAM, 128GB Storage) | 6000 mAh Battery | Dimensity 6300 5G Processor with 433K+* AnTuTu...",10% on select bank cards,https://www.amazon.in/dp/B0FC5TBWG5,13999.0,99.93
"Nokia 105 Classic | Single Sim Keypad Phone with Built-in UPI Payments, Long-Lasting Battery, Wireless FM Radio, Charger i...","₹1,149",https://www.amazon.in/dp/B0CJMDD8MX,1399.0,17.87
Sponsored Ad - OnePlus Nord CE5 | Massive 7100mAh Battery | MediaTek Dimensity 8350 Apex | Powered by OnePlus AI | 8GB + 2...,"₹25,499",https://www.amazon.in/dp/B0FCMKSH2M,26999.0,5.56
Sponsored Ad - Apple iPhone 15 (256 GB) - Blue,"₹57,999",https://www.amazon.in/dp/B0CHX6N27Y,79900.0,27.41
"Sponsored Ad - iPhone 16 256 GB: 5G Mobile Phone with Camera Control, A18 Chip and a Big Boost in Battery Life. Works with...",Additional Flat INR 3000 Off on SBI Cards,https://www.amazon.in/dp/B0DGJ54GQW,89900.0,96.66
"VIVO T4R 5G | 6.77"" Quad Curved AMOLED 120Hz Display | 50MP OIS Dual Rear + 32MP Front Camera | Dimensity 7400 | 5700mAh B...",Up to 5% back with Amazon Pay ICICI card,https://www.amazon.in/dp/B0F194NC2H,19499.0,99.97
"Samsung Galaxy S25 5G Smartphone with Galaxy AI (Silver Shadow, 12GB RAM, 256GB Storage), Snapdragon 8 Elite, 50 MP Camera...",Additional Flat INR 5000 Off on SBICards,https://www.amazon.in/dp/B0DSKNLFBG,80999.0,93.83
"Samsung Galaxy S25 Ultra 5G AI Smartphone (Titanium Gray, 12GB RAM, 256GB Storage), 200MP Camera, S Pen Included, Long Bat...",Additional Flat INR 7750 Off on SBICards,https://www.amazon.in/dp/B0DSKMV3ZC,129999.0,94.04
"OPPO A5 5G (Aurora Green, 8GB RAM, 128GB Storage) with No Cost EMI/Additional Exchange Offers",Additional Flat INR 250 Off on SBI Cards,https://www.amazon.in/dp/B0FCMRRDSG,20999.0,98.81
"realme GT 7 Pro (Galaxy Grey,12GB+256GB) | India's First Snapdragon 8 Elite Processor | 3X Periscope Flagship Camera| Real...","₹49,999",https://www.amazon.in/dp/B0DMFDNDD5,69999.0,28.57
"Samsung Galaxy S25 Ultra 5G AI Smartphone (Titanium Whitesilver, 12GB RAM, 512GB Storage), 200MP Camera, S Pen Included, L...",Additional Flat INR 7750 Off on SBICards,https://www.amazon.in/dp/B0DSKLSV63,141999.0,94.54
"Samsung Galaxy M36 5G (Velvet Black, 8 GB RAM, 256 GB Storage)| Circle to Search| Google Gemini| Corning Gorilla Glass Vic...","₹17,499",https://www.amazon.in/dp/B0FDB8V6PS,27499.0,36.36
"Nokia 3210 4G | All-New Classic Keypad Phone with Dual SIM, YouTube, Scan & Pay UPI, Rear Camera, Wireless FM Radio, MP3 P...","₹3,749",https://www.amazon.in/dp/B0D5XSCM12,5299.0,29.25
"Sponsored Ad - iPhone Air 512 GB: Thinnest iPhone Ever, 16.63 cm (6.5″) Display with Promotion up to 120Hz, Powerful A19 P...",Additional Flat INR 3000 Off on SBI Cards,https://www.amazon.in/dp/B0FQFL4HMP,139900.0,97.86
"Samsung Galaxy Z Fold7 5G Smartphone with Galaxy AI (JetBlack, 12GB RAM, 512GB Storage), Ultra Sleek Design with 200MP Cam...",Additional Flat INR 11000 Off on SBICards,https://www.amazon.in/dp/B0FDL3MWL1,186999.0,94.12
"Redmi 13 5G, Hawaiian Blue, 6GB+128GB | India Debut SD 4 Gen 2 AE | 108MP Pro Grade Camera | 6.79in Largest Display in Seg...",10% on select bank cards,https://www.amazon.in/dp/B0D78WCNZZ,17999.0,99.94
"iQOO Neo 10 (Titanium Chrome, 8GB RAM, 256GB Storage) | Snapdragon 8s Gen 4 Processor & SuperComputing Chip Q1 | 7000 mAh ...","₹31,998",https://www.amazon.in/dp/B0F83LL1D2,38999.0,17.95
"Infinix Note 50x 5G+ (Sea Breeze Green, 6GB RAM, 128GB Storage) | MediaTek D7300 Ultimate | 90FPS BGMI Gaming | 5500mAH Ba...","₹11,499",https://www.amazon.in/dp/B0F3V36VTX,14999.0,23.33
"Lava Bold N1 (Sparkling Ivory, 4 GB RAM, 64 GB Storage)| 6.75"" (90 Hz) HD+ Display | 13MP AI Dual Rear Camera | 5000 mAh B...","₹5,999",https://www.amazon.in/dp/B0F83J33RW,7499.0,20.0
"Philips All-New E2103 Sleek & Stylish |Keypad Mobile with 1.77"" Screen|1000 MAH Battery | 2030mm Speaker| Wireless FM | Br...","₹1,099",https://www.amazon.in/dp/B0F9YVK65X,1399.0,21.44
"POCO M7 5G, Ocean Blue (8GB, 128GB)","₹9,499",https://www.amazon.in/dp/B0F1CPCTCX,13999.0,32.15
"Tecno POP 9 5G (Azure Sky, 8GB+128GB) | D6300 5G Processor | 48MP Sony AI Camera | 4+ Year Lag Free Fluency |5000 mAh Batt...","₹9,499",https://www.amazon.in/dp/B0DRDC897Z,14999.0,36.67
Sponsored Ad - OnePlus Nord CE5 | Massive 7100mAh Battery | MediaTek Dimensity 8350 Apex | Powered by OnePlus AI | 8GB + 2...,"₹25,499",https://www.amazon.in/dp/B0FCMKNCJ4,26999.0,5.56
Sponsored Ad - Apple iPhone 15 (256 GB) - Green,"₹57,999",https://www.amazon.in/dp/B0CHX41VNZ,79900.0,27.41
"Sponsored Ad - iPhone 16 256 GB: 5G Mobile Phone with Camera Control, A18 Chip and a Big Boost in Battery Life. Works with...",Additional Flat INR 3000 Off on SBI Cards,https://www.amazon.in/dp/B0DGJKT2V7,89900.0,96.66
"Redmi 13C 5G (Startrail Silver, 6GB RAM, 128GB Storage) | MediaTek Dimensity 6100+ 5G | 90Hz Display",Up to 5% back with Amazon Pay ICICI card,https://www.amazon.in/dp/B0CNX88T71,15999.0,99.97
realme C71 Second Hand/Used Phones,10% on select bank cards,https://www.amazon.in/dp/B0FHM2KCNG,8999.0,99.89
"HMD 105 Keypad Phone with Built-in UPI App, Phone Talker, Long-Lasting Battery, Wireless FM Radio | Purple",₹924,https://www.amazon.in/dp/B0D5MBNWNX,1499.0,38.36
"iQOO Neo 10R 5G (Moonknight Titanium, 12GB RAM, 256GB Storage) | Snapdragon 8s Gen 3 Processor | India's Slimmest 6400mAh ...","₹28,998",https://www.amazon.in/dp/B0DW47CJBW,35999.0,19.45
"OnePlus Nord CE4 (Celadon Marble, 8GB RAM, 128GB Storage) | Lifetime Display Warranty | Qualcomm® Snapdragon™ 7 Gen 3 - Be...",10% on select bank cards,https://www.amazon.in/dp/B0CX58MTNN,24999.0,99.96
"OnePlus 11 5G (Eternal Green, 16GB RAM, 256GB Storage)",Up to 5% back with Amazon Pay ICICI card,https://www.amazon.in/dp/B0BQJM2PXW,61999.0,99.99
"Sponsored Ad - iPhone Air 1 TB: Thinnest iPhone Ever, 16.63 cm (6.5″) Display with Promotion up to 120Hz, Powerful A19 Pro...",Additional Flat INR 3000 Off on SBI Cards,https://www.amazon.in/dp/B0FQG1K1FM,159900.0,98.12
"Redmi 14C 5G (Stargaze Black, 6GB RAM, 128GB Storage) | Superfast 4nm Snapdragon 4 Gen 2 | 120Hz 17.47cm (6.88”) Display |...","₹10,998",https://www.amazon.in/dp/B0DQV6PQ8M,14999.0,26.68
"iQOO Z10x 5G (Ultramarine, 8GB RAM, 128GB Storage) | 6500 mAh Large Capacity Battery | Dimensity 7300 Processor | Militar...","₹14,498",https://www.amazon.in/dp/B0F2T6TV4M,18999.0,23.69
POCO M6 Plus 5G Misty Lavender 8GB RAM 128GB ROM,"₹10,299",https://www.amazon.in/dp/B0D9KJXN82,17999.0,42.78
"OPPO A5 Pro 5G (Mocha Brown, 8GB RAM, 256GB Storage)|6.67” HD+ 120Hz Refresh Rate Screen | 45W SUPERVOOC|with No Cost EMI/...","₹19,998",https://www.amazon.in/dp/B0F4KNDV58,23999.0,16.67
"O3 Pro (Glossy Black, 4 GB RAM, 64 GB Storage)| Bigger 6.56"" HD+ Display | 50 MP AI Triple Rear Camera | 8 MP Front Camer...","₹5,999",https://www.amazon.in/dp/B0F4D797QC,7799.0,23.08
Redmi Note 14 Pro+ 5G Champagne Gold 12GB RAM 512GB Storage | 50 MP Triple Camera with Telephoto | Corning Gorilla Glass V...,"₹31,998",https://www.amazon.in/dp/B0FDW1X2KC,39999.0,20.0
XIAOMI 14 Civi Aqua Blue (12GB RAM 512GB Storage) | 50 MP Leica Triple Camera| SD 8s Gen 3 | 1.5K Quad Curved AMOLED HyperOS,Up to 5% back with Amazon Pay ICICI card,https://www.amazon.in/dp/B0DW8DHZTM,59999.0,99.99
"Motorola G45 5G (Brilliant Green, 8GB RAM, 128GB Storage) | 6.5"" FHD+ Display | Snapdragon 6 Gen1 Processor | 50MP Camera...",10% on select bank cards,https://www.amazon.in/dp/B0DDYBQWLW,14999.0,99.93
Sponsored Ad - OnePlus Nord CE5 | Massive 7100mAh Battery | MediaTek Dimensity 8350 Apex | Powered by OnePlus AI | 12GB + ...,"₹27,499",https://www.amazon.in/dp/B0FCMMJ3TC,28999.0,5.17
"Sponsored Ad - OnePlus 13R | Smarter with OnePlus AI | Lifetime Display Warranty (12GB RAM, 256GB Storage Astral Trail)","₹37,999",https://www.amazon.in/dp/B0DQ8S38R8,44999.0,15.56
Sponsored Ad - Apple iPhone 15 (256 GB) - Pink,"₹57,999",https://www.amazon.in/dp/B0CHX4CRND,79800.0,27.32
"Sponsored Ad - iPhone 16 256 GB: 5G Mobile Phone with Camera Control, A18 Chip and a Big Boost in Battery Life. Works with...",Additional Flat INR 3000 Off on SBI Cards,https://www.amazon.in/dp/B0DGJHBDTS,89900.0,96.66
"Redmi Note 14 5G (Mystique White, 8GB RAM 256GB Storage) | Global Debut MTK Dimensity 7025 Ultra | 2100 nits Segment Brigh...",10% on select bank cards,https://www.amazon.in/dp/B0DPFSJV2Z,24999.0,99.96
"Samsung Galaxy S25 Ultra 5G AI Smartphone (Titanium Silverblue, 12GB RAM, 256GB Storage), 200MP Camera, S Pen Included, Lo...",Additional Flat INR 7750 Off on SBICards,https://www.amazon.in/dp/B0DSKNKCYX,129999.0,94.04
"Motorola Moto G85 5G (128, Cobalt Blue, New)",10% on select bank cards,https://www.amazon.in/dp/B0D9LS6MVV,20999.0,99.95
"Lava Bold N1 5G (Champagne Gold, 4GB RAM, 64GB Storage) |Bigger 6.75"" HD+ Notch Display | Octacore 5G Processor | 13 MP AI...",10% on select bank cards,https://www.amazon.in/dp/B0FNX5CX8C,9999.0,99.9
OnePlus Nord 5 | Snapdragon 8s Gen 3 | Stable 144FPS Gaming | Dual 50MP Flagship Camera | Powered by OnePlus AI | 8GB + 25...,"₹30,499",https://www.amazon.in/dp/B0FCMKSP7V,34999.0,12.86
"Vivo Y19e (Titanium Silver, 4GB RAM, 64GB Storage) with No Cost EMI/Additional Exchange Offers |with Charger",,https://www.amazon.in/dp/B07WHRDNFF,,
"Motorola razr 60 Ultra (Pantone Rio Red, 16 GB RAM, 512 GB Storage) | Snapdragon® 8 Elite Mobile Platform | 6.9"" AMOLED Up...","₹89,998",https://www.amazon.in/dp/B0F5HQW3GZ,109000.0,17.43
"Moto G85 5G (8GB 128GB, Urban Grey, New)",10% on select bank cards,https://www.amazon.in/dp/B0D9GMJSKF,20999.0,99.95
"Sponsored Ad - iPhone Air 512 GB: Thinnest iPhone Ever, 16.63 cm (6.5″) Display with Promotion up to 120Hz, Powerful A19 P...",Additional Flat INR 3000 Off on SBI Cards,https://www.amazon.in/dp/B0FQFJG6WN,139900.0,97.86
"realme GT 6T 5G (Fluid Silver,12GB RAM+256GB Storage) | India's 1st 7+ Gen 3 Flagship Chipset | 1.5M + AnTuTu Score | 5500...",,https://www.amazon.in/dp/B0D3J8HYDD,,
"VIVO T4 Lite 5G 6GB RAM, 128GB Storage, Titanium Gold | 6.74'' HD+ 90Hz LCD | Dimensity 6300 | 50MP Dual AI Camera | Andro...",Up to 5% back with Amazon Pay ICICI card,https://www.amazon.in/dp/B0FFF4ZLGN,14999.0,99.97
"Samsung Galaxy M36 5G (Serene Green, 6 GB RAM, 128 GB Storage)| Circle to Search| Google Gemini| Corning Gorilla Glass Vic...","₹13,999",https://www.amazon.in/dp/B0FDB9H277,22999.0,39.13
"Samsung Galaxy A17 5G (Blue, 6GB RAM, 128GB Storage) | with Travel Adapter | 50 MP No Shake Camera | Gemini Live | Circle ...","₹18,999",https://www.amazon.in/dp/B0FLJM1MDN,21999.0,13.64
"Samsung Galaxy A17 5G (Gray, 6GB RAM, 128GB Storage) | with Travel Adapter | 50 MP No Shake Camera | Gemini Live | Circle ...","₹18,999",https://www.amazon.in/dp/B0FLHX4FDP,21999.0,13.64
"Samsung Galaxy A55 5G (Awesome Navy, 12GB RAM, 256GB Storage) | AI | Metal Frame | 50 MP Main Camera (OIS) | Super HDR Vid...","₹28,999",https://www.amazon.in/dp/B0CWPD9PTK,48999.0,40.82
"Vivo Y400 5G (Olive Green, 8GB RAM, 256GB Storage) with No Cost EMI/Additional Exchange Offers",Additional Flat INR 1150 Off on SBI Cards,https://www.amazon.in/dp/B0FHPPPW7D,27999.0,95.89
"Sponsored Ad - iQOO Z10 5G (Stellar Black, 8GB RAM, 128GB Storage) | India's Biggest Ever 7300 mAh Battery | Snapdragon 7s...","₹20,998",https://www.amazon.in/dp/B0F2HBYZ8B,25999.0,19.24
Sponsored Ad - Apple iPhone 15 (256 GB) - Yellow,"₹57,999",https://www.amazon.in/dp/B0CHX8JCXN,89900.0,35.48
"Sponsored Ad - iPhone Air 256 GB: Thinnest iPhone Ever, 16.63 cm (6.5″) Display with Promotion up to 120Hz, Powerful A19 P...",Additional Flat INR 3000 Off on SBI Cards,https://www.amazon.in/dp/B0FQFBDQJ1,119900.0,97.5
"Redmi A5 (Just Black, 4GB RAM 128GB Storage) | Royale Design | Segment's Largest 17.47cm(6.88) and Smoothest 120Hz Displa...",Up to 5% back with Amazon Pay ICICI card,https://www.amazon.in/dp/B0F3P58715,9999.0,99.95
"realme NARZO 80x 5G (Deep Ocean,6GB+128GB) | Dimensity 6400 5G Chipset | 6000mAh Long-Lasting Battery | 45W Fast Charge | ...","₹11,998",https://www.amazon.in/dp/B0F18Y9YMX,15999.0,25.01
"Infinix Note 50x 5G+ (Enchanted Purple, 8GB RAM, 128GB Storage) | MediaTek D7300 Ultimate | 90FPS BGMI Gaming | 5500mAH Ba...","₹12,999",https://www.amazon.in/dp/B0F3V2TCLL,14999.0,13.33
"Samsung Galaxy M36 5G (Serene Green, 8 GB RAM, 128 GB Storage)| Circle to Search| Google Gemini| Corning Gorilla Glass Vic...","₹15,499",https://www.amazon.in/dp/B0FDB9H9Z7,24499.0,36.74
"OPPO A5 Pro 5G (Feather Blue, 8GB RAM, 256GB Storage)|6.67” HD+ 120Hz Refresh Rate Screen | 45W SUPERVOOC|with No Cost EM...","₹19,399",https://www.amazon.in/dp/B0F4KN3CDN,23999.0,19.17
"Samsung Galaxy F05 (Twilight Blue, 64 GB) (4 GB RAM)","₹6,589",https://www.amazon.in/dp/B0DJC2L66N,,
OnePlus 13 | Smarter with OnePlus AI | Lifetime Display Warranty |12GB RAM 256GB Storage Midnight Ocean | Official Smartph...,"₹61,999",https://www.amazon.in/dp/B0DPS7FB4J,72999.0,15.07
"Sponsored Ad - iPhone 16 128 GB: 5G Mobile Phone with Camera Control, A18 Chip and a Big Boost in Battery Life. Works with...",Additional Flat INR 3000 Off on SBI Cards,https://www.amazon.in/dp/B0DGJ8YZDF,79900.0,96.25
"realme NARZO 80x 5G (Sunlit Gold,6GB+128GB) | Dimensity 6400 5G Chipset | 6000mAh Long-Lasting Battery | 45W Fast Charge |...","₹11,998",https://www.amazon.in/dp/B0F1XMGQSP,15999.0,25.01
"realme NARZO 80 Pro 5G (Nitro Orange,8GB+256GB) | Segment's 1st MediaTek Dimensity 7400 Chipset | 6000mAh Titan Battery + ...","₹19,498",https://www.amazon.in/dp/B0F1DDJTSJ,25999.0,25.0
"POCO C75 5G, Aqua Bliss (4GB, 64GB)",Up to 5% back with Amazon Pay ICICI card,https://www.amazon.in/dp/B0DRKNZFT2,10999.0,99.95
"Samsung Galaxy A56 5G (Awesome Olive, 12GB, 256GB) | Metal Frame | Gemini Live | Awesome Intelligence (AI): Circle to Sear...","₹40,999",https://www.amazon.in/dp/B0DYDQ7PDN,52999.0,22.64
"iQOO Z10 5G (Glacier Silver, 12GB RAM, 256GB Storage) | India's Biggest Ever 7300 mAh Battery | Snapdragon 7s Gen 3 Proces...","₹24,998",https://www.amazon.in/dp/B0F2HDWBNK,29999.0,16.67
"Infinix Note 40 5G, Racing Grey (8GB, 256GB)",Additional Flat INR 1000 Off on ALL Banks,https://www.amazon.in/dp/B0D5HM5XCN,24999.0,96.0
"Sponsored Ad - OnePlus 13R | Smarter with OnePlus AI | Lifetime Display Warranty (16GB RAM, 512GB Storage Nebula Noir)","₹42,999",https://www.amazon.in/dp/B0DQ8V5NLV,51999.0,17.31
Sponsored Ad - Apple iPhone 15 (512 GB) - Blue,"₹76,999",https://www.amazon.in/dp/B0CHXB1PT6,99900.0,22.92
"Sponsored Ad - iPhone 16 256 GB: 5G Mobile Phone with Camera Control, A18 Chip and a Big Boost in Battery Life. Works with...",Additional Flat INR 3000 Off on SBI Cards,https://www.amazon.in/dp/B0DGJ3NWM4,89900.0,96.66
Redmi A3X Ocean Green 4GB RAM 128GB ROM,10% on select bank cards,https://www.amazon.in/dp/B0D78VJQ93,10999.0,99.91
"realme NARZO 80 Lite 5G (Onyx Black, 6GB+128GB) | 6000mAh Long-Lasting Battery | MediaTek Dimensity 6300 5G | AI Assist | ...","₹9,898",https://www.amazon.in/dp/B0F9TS623W,14999.0,34.01
"Zeno 20 | AI Vana 2.0 | 3GB RAM 64GB ROM | 6.6"" HD+ 90Hz Display | 13MP AI Camera | IP54 Rated | Always-On Display | Dynam...","₹5,748",https://www.amazon.in/dp/B0F7FBM986,7899.0,27.23
"Redmi Note 14 5G (Titan Black, 8GB RAM 256GB Storage) | Global Debut MTK Dimensity 7025 Ultra | 2100 nits Segment Brightes...",10% on select bank cards,https://www.amazon.in/dp/B0DPFVDFT3,24999.0,99.96
"realme NARZO 80 Pro 5G (Racing Green,8GB+128GB) | Segment's 1st MediaTek Dimensity 7400 Chipset | 6000mAh Titan Battery + ...","₹17,498",https://www.amazon.in/dp/B0F1DDG97W,23999.0,27.09
"iQOO Z10x 5G (Titanium, 6GB RAM, 128GB Storage) | 6500 mAh Large Capacity Battery | Dimensity 7300 Processor | Military-Gr...","₹12,998",https://www.amazon.in/dp/B0F2T674FJ,17499.0,25.72
"iQOO Z10 Lite 5G (Titanium Blue, 4GB RAM, 128GB Storage) | 6000 mAh Battery | Dimensity 6300 5G Processor with 433K+* AnTu...",10% on select bank cards,https://www.amazon.in/dp/B0FC5XCLXG,13999.0,99.93
"Sponsored Ad - iQOO Z10 5G (Glacier Silver, 8GB RAM, 256GB Storage) | India's Biggest Ever 7300 mAh Battery | Snapdragon 7...","₹22,998",https://www.amazon.in/dp/B0F2HDFMFC,27999.0,17.86
"Infinix Note 40 5G (Titan Gold, 8GB RAM, 256GB Storage) | 120Hz AMOLED Display | 108MP OIS Triple Camera | Sound by JBL | ...",Additional Flat INR 1000 Off on ALL Banks,https://www.amazon.in/dp/B0D5HNF3B9,24999.0,96.0
OnePlus 13 | Smarter with OnePlus AI | Lifetime Display Warranty |16GB RAM 512GB Storage Black Eclipse | Official Smartpho...,"₹68,999",https://www.amazon.in/dp/B0DQ8W9CTT,79999.0,13.75
"Samsung Galaxy A06 5G (Light Green, 6GB RAM, 128GB Storage) | 50MP Dual Camera | 4 Gen OS Upgrades | IP54 Rating | Voice F...","₹12,699",https://www.amazon.in/dp/B0DXDZ2CJ2,16999.0,25.3
"OPPO F29 Pro 5G (Marble White, 12GB RAM, 256GB Storage) with No Cost EMI/Additional Exchange Offers",Additional Flat INR 1549 Off on SBI Cards,https://www.amazon.in/dp/B0DY1LLVHR,36999.0,95.81
"realme NARZO 70 Turbo 5G (Turbo Green,6GB RAM,128GB Storage) | Segment's Fastest Dimensity 7300 Energy 5G Chipset | Motors...",Up to 5% back with Amazon Pay ICICI card,https://www.amazon.in/dp/B0DDTXW9WH,19999.0,99.97
"iQOO Z10 5G (Stellar Black, 8GB RAM, 256GB Storage) | India's Biggest Ever 7300 mAh Battery | Snapdragon 7s Gen 3 Processo...","₹22,998",https://www.amazon.in/dp/B0F2HFRD4P,27999.0,17.86
"Samsung Galaxy M36 5G (Orange Haze, 8 GB RAM, 256 GB Storage)| Circle to Search| Google Gemini| Corning Gorilla Glass Vict...","₹17,499",https://www.amazon.in/dp/B0FDB7Z8SD,27499.0,36.36
"Sponsored Ad - OnePlus 13R | Smarter with OnePlus AI | Lifetime Display Warranty (16GB RAM, 512GB Storage Astral Trail)","₹42,999",https://www.amazon.in/dp/B0DQ8XPRYF,51999.0,17.31
Sponsored Ad - Apple iPhone 15 (512 GB) - Black,"₹76,999",https://www.amazon.in/dp/B0CHX9MF1L,109600.0,29.75
"Sponsored Ad - iPhone 16 512 GB: 5G Mobile Phone with Camera Control, A18 Chip and a Big Boost in Battery Life. Works with...",Additional Flat INR 3000 Off on SBI Cards,https://www.amazon.in/dp/B0DGJBZLD1,109900.0,97.27
"itel ZENO 10|6.6"" HD+ Display with Dynamic Bar| 4GB RAM +64GB ROM, Upto 12GB RAM with Memory Fusion|Octacore Processor|8MP...","₹6,399",https://www.amazon.in/dp/B0DQWQZK22,7399.0,13.52
Lava A2 Smart (2025) Dual SIM Keypad Mobile Phone - 2.4'' Big Display | Built-in UPI Payments | 1200mAh Battery | Bluetoot...,"₹1,132",https://www.amazon.in/dp/B0FH9MXW14,1549.0,26.92
"realme 13 Pro 5G (Monet Gold,12GB+512GB)",Up to 5% back with Amazon Pay ICICI card,https://www.amazon.in/dp/B0DBLX3377,34999.0,99.99
Redmi A5 Pondicherry Blue(3GB RAM 64GB Storage) | Royale Design | Segment's Largest 17.47cm(6.88) and Smoothest 120Hz Disp...,Up to 5% back with Amazon Pay ICICI card,https://www.amazon.in/dp/B0F3P52HHS,8999.0,99.94
"realme NARZO 80x 5G (Sunlit Gold,8GB+128GB) | | Dimensity 6400 5G Chipset | 6000mAh Long-Lasting Battery | 45W Fast Charge...","₹12,998",https://www.amazon.in/dp/B0F193QT32,16999.0,23.54
"OPPO K13x 5G 6000mAh and 45W SUPERVOOC Charger & AI (Sunset Peach, 128 GB) (6 GB RAM)",10% on select bank cards,https://www.amazon.in/dp/B0FG7F6C1C,16999.0,99.94
"Lava O3 (Glossy White, 3 GB RAM, 64 GB Storage) | Biggest 6.75"" HD+ Display | 13MP AI Dual Rear Camera | 5000 mAh Battery...","₹5,699",https://www.amazon.in/dp/B0DP91YFG3,6499.0,12.31
"OPPO Reno14 5G (Forest Green, 12GB RAM, 256GB Storage) with No Cost EMI/Additional Exchange Offers",Additional Flat INR 2250 Off on SBI Cards,https://www.amazon.in/dp/B0FCTNDMW2,44999.0,95.0
"POCO C71, Cool Blue (4GB, 64GB)",Up to 5% back with Amazon Pay ICICI card,https://www.amazon.in/dp/B0F3XB7T5Q,8999.0,99.94
"Nokia All-New 105 Single Sim Keypad Phone with Built-in UPI Payments, Long-Lasting Battery, Wireless FM Radio | Charcoal","₹1,199",https://www.amazon.in/dp/B0C5RK3X6F,1599.0,25.02
"Redmi 14C 5G (Starlight Blue, 6GB RAM, 128GB Storage) | Superfast 4nm Snapdragon 4 Gen 2 | 120Hz 17.47cm (6.88”) Display |...","₹10,998",https://www.amazon.in/dp/B0DQV9T66N,14999.0,26.68
"Samsung Galaxy A17 5G (Blue, 8GB RAM, 256GB Storage) | with Travel Adapter | 50 MP No Shake Camera | Gemini Live | Circle ...","₹23,499",https://www.amazon.in/dp/B0FLJ53GJ4,26499.0,11.32
"Motorola G35 5G (Guava Red, 4GB RAM, 128GB Storage)",10% on select bank cards,https://www.amazon.in/dp/B0DPW1HMYT,12499.0,99.92
"JioPhone Prima 2 4G Keypad Phone with Premium Design, YouTube, JioTV, JioHotstar, JioSaavn, JioPay(UPI), Video Calling, LE...","₹2,799",https://www.amazon.in/dp/B0DC71Y7ML,4199.0,33.34
"JioBharat V3 4G Phone with JioTV, JioHotstar, UPI, JioSoundPay,JioSaavn, Long Lasting Battery, LED Torch, Digital Camera |...","₹1,099",https://www.amazon.in/dp/B0DJMLSF5H,1999.0,45.02
"iQOO Z10 5G (Stellar Black, 12GB RAM, 256GB Storage) | India's Biggest Ever 7300 mAh Battery | Snapdragon 7s Gen 3 Process...","₹24,998",https://www.amazon.in/dp/B0F2HBM3D5,29999.0,16.67
Sponsored Ad - OnePlus Nord 5 | Snapdragon 8s Gen 3 | Stable 144FPS Gaming | Dual 50MP Flagship Camera | Powered by OnePlu...,"₹30,499",https://www.amazon.in/dp/B0FC6TYPPX,34999.0,12.86
"Sponsored Ad - Redmi Note 14 5G (Ivy Green, 6GB RAM 128GB Storage) | Global Debut MTK Dimensity 7025 Ultra | 2100 nits Seg...","₹16,498",https://www.amazon.in/dp/B0DV9DBFTK,21999.0,25.01
"Sponsored Ad - iPhone 16 Pro Max 1 TB: 5G Mobile Phone with Camera Control, 4K 120 fps Dolby Vision and a Huge Leap in Bat...",,https://www.amazon.in/dp/B0DGJ197P6,,
Sponsored Ad - Apple iPhone 15 (512 GB) - Green,"₹76,999",https://www.amazon.in/dp/B0CHX2XFJJ,99900.0,22.92
"realme P3x 5G Smartphone 6+128GB Lunar Silver,6.72-inch Screen,120Hz Display,6000mAh Battery,45W SuperVOOC, 50MP Camera, M...",10% on select bank cards,https://www.amazon.in/dp/B0F9FKQVS6,16999.0,99.94
"Redmi A5 (Pondicherry Blue, 4GB RAM 128GB Storage) | Royale Design | Segment's Largest 17.47cm(6.88) and Smoothest 120Hz D...",Up to 5% back with Amazon Pay ICICI card,https://www.amazon.in/dp/B0F3P4D4R3,9999.0,99.95
"Samsung Galaxy F55 5G (Raisin Black, 128 GB) (8 GB RAM)",10% on select bank cards,https://www.amazon.in/dp/B0D5VMSM5D,28999.0,99.97
Motorola All-New A200 Dual Sim keypad Phone (with Voice Feature) | 2 Years Replacement | Long Lasting Battery | Wireless F...,"₹1,089",https://www.amazon.in/dp/B0F13MZ1R8,1547.0,29.61
"Lava Bold N1 5G (Royal Blue, 4GB RAM, 64GB Storage) |Bigger 6.75"" HD+ Notch Display | Octacore 5G Processor | 13 MP AI Cam...",10% on select bank cards,https://www.amazon.in/dp/B0FNX27TRD,9999.0,99.9
"Zeno 20 | AI Vana 2.0 | 3GB RAM 64GB ROM | 6.6"" HD+ 90Hz Display | 13MP AI Camera | IP54 Rated | Always-On Display | Dynam...","₹5,748",https://www.amazon.in/dp/B0F7FF8KLT,7899.0,27.23
"Infinix Note 50s 5G+ (Titanium Grey, 8GB RAM, 256GB Storage) | Slimmest 3D Curved 144Hz AMOLED Display | 5500mAH Battery |...","₹17,999",https://www.amazon.in/dp/B0F4RNWBYN,24999.0,28.0
Redmi 15 5G Sandy Purple 8GB + 256GB | Segment's Largest 7000mAhA Battery | Segment's Largest Display 17.53cm(6.9) Up to 1...,"₹16,998",https://www.amazon.in/dp/B0FJFRYXFK,19999.0,15.01
"Sponsored Ad - iPhone 16 512 GB: 5G Mobile Phone with Camera Control, A18 Chip and a Big Boost in Battery Life. Works with...",Additional Flat INR 3000 Off on SBI Cards,https://www.amazon.in/dp/B0DGJGVK8T,109900.0,97.27
"Samsung Galaxy S25 5G Smartphone with Galaxy AI (Navy, 12GB RAM, 256GB Storage), Snapdragon 8 Elite, 50 MP Camera with Pro...",Additional Flat INR 5000 Off on SBICards,https://www.amazon.in/dp/B0DSKNQ4YR,80999.0,93.83
"Lava Storm Lite 5G (Astral Blue, 4+4*GB RAM, 64GB Storage) | India's First MTK Dimensity 6400 Processor | 50MP AI Camera |...","₹8,499",https://www.amazon.in/dp/B0FB42K578,10999.0,22.73
"Vivo V50e 5G (Sapphire Blue, 8GB RAM, 256GB Storage) with No Cost EMI/Additional Exchange Offers",Additional Flat INR 1650 Off on SBI Cards,https://www.amazon.in/dp/B0F219X5FJ,35999.0,95.42
"Micromax All-New J3 Plus Sleek & Stylish |Keypad Mobile with 1.77"" Screen|1000 MAH Battery | Bright Torch| Wireless FM | G...","₹1,000",https://www.amazon.in/dp/B0FDFRN8QS,1549.0,35.44
"Lava Bold N1 5G (Royal Blue, 4GB RAM, 128GB Storage) |Bigger 6.75"" HD+ Notch Display | Octacore 5G Processor | 13 MP AI Ca...",10% on select bank cards,https://www.amazon.in/dp/B0FNX24L38,10499.0,99.9
"Samsung Galaxy Z Fold7 5G Smartphone with Galaxy AI (Blue Shadow, 12GB RAM, 512GB Storage), Ultra Sleek Design with 200MP ...",Additional Flat INR 11000 Off on SBICards,https://www.amazon.in/dp/B0FDL2T146,186999.0,94.12
"Infinix Smart 10 (Sleek Black, 64 GB) (4 GB RAM)",10% on select bank cards,https://www.amazon.in/dp/B0FN7KF2BF,9999.0,99.9
"Motorola Edge 60 Fusion 5G (Pantone Mykonos Blue, 256 GB) (12 GB RAM)","₹23,990",https://www.amazon.in/dp/B0FFTFL9H1,27999.0,14.32
Sponsored Ad - Redmi Note 14 Pro+ 5G Titan Black 12GB RAM 512GB Storage| 50 MP Triple Camera with Telephoto | Corning Gori...,"₹31,998",https://www.amazon.in/dp/B0DQR6DLCD,39999.0,20.0
Sponsored Ad - OnePlus Nord 5 | Snapdragon 8s Gen 3 | Stable 144FPS Gaming | Dual 50MP Flagship Camera | Powered by OnePlu...,"₹30,499",https://www.amazon.in/dp/B0FCML66W9,34999.0,12.86
Sponsored Ad - Apple iPhone 15 (512 GB) - Pink,"₹76,999",https://www.amazon.in/dp/B0CHWWNKS6,99900.0,22.92
"Sponsored Ad - iPhone 16 512 GB: 5G Mobile Phone with Camera Control, A18 Chip and a Big Boost in Battery Life. Works with...",Additional Flat INR 3000 Off on SBI Cards,https://www.amazon.in/dp/B0DGJ6CMJK,109900.0,97.27
"Samsung Galaxy S25 Ultra 5G AI Smartphone (Titanium Black, 12GB RAM, 512GB Storage), 200MP Camera, S Pen Included, Long Ba...",Additional Flat INR 7750 Off on SBICards,https://www.amazon.in/dp/B0DSKMKJV5,141999.0,94.54
"Lava Blaze AMOLED 2 5G (Feather White, 6 GB RAM, 128 GB Storage) | 6.67"" FHD+ AMOLED Display | MTK D7060 Processor | 50 MP...",10% on select bank cards,https://www.amazon.in/dp/B0FH5B7RVG,15999.0,99.94
"Samsung Galaxy Z Fold6 5G Smartphone with Galaxy AI (Navy, 12GB RAM, 256GB Storage), 50MP High-Resolution Camera, Snapdrag...","₹1,03,999",https://www.amazon.in/dp/B0D841Z76B,164999.0,36.97
"Lava Shark 5G (Steller Blue, 4GB RAM, 64GB Storage) |Bigger 6.75"" HD+ Notch Display | Octacore 5G Processor | 13 MP AI Cam...",10% on select bank cards,https://www.amazon.in/dp/B0F945QD5Z,9499.0,99.89
"Tecno POP 9 5G Midnight Shadow, 4GB+128GB| Segment's 1st 48MP Sony AI Camera| Segment's 1st with NFC |D6300 Processor |4+ ...",10% on select bank cards,https://www.amazon.in/dp/B0DGMDL1JZ,12999.0,99.92
"Lava Agni 3 5G (Pristine Glass, 8GB+128GB) | India's 1st dual AMOLED | Dimensity 7300X | 50MP Triple AI Camera | 66W Fast ...",Additional Flat INR 1000 Off on SBICards,https://www.amazon.in/dp/B0DGQMDVRV,25499.0,96.08
"Lava O3 (Glossy Lavender, 4 GB RAM, 64 GB Storage) | Biggest 6.75"" HD+ Display | 13MP AI Dual Rear Camera | 5000 mAh Batte...",10% on select bank cards,https://www.amazon.in/dp/B0DFH4F7Y9,7199.0,99.86
"Samsung Galaxy M14 4G (Sapphire Blue,4GB,64GB) | 50MP Triple Cam | 5000mAh Battery | Snapdragon 680 Processor | 2 Gen. OS ...",Up to 5% back with Amazon Pay ICICI card,https://www.amazon.in/dp/B0CV7KZLL4,13999.0,99.96
Sponsored Ad - Redmi Note 14 Pro+ 5G Champagne Gold 8GB RAM 128GB Storage| 50 MP Triple Camera with Telephoto | Corning Go...,"₹26,998",https://www.amazon.in/dp/B0FDWHFS68,34999.0,22.86
"Lava O3 (Glossy Blue, 3 GB RAM, 64 GB Storage) | Biggest 6.75"" HD+ Display | 13MP AI Dual Rear Camera | 5000 mAh Battery |...","₹5,699",https://www.amazon.in/dp/B0DP8W2912,6499.0,12.31
"Vivo Y22 (Metaverse Green, 4GB RAM, 128GB Storage) with No Cost EMI/Additional Exchange Offers",10% on select bank cards,https://www.amazon.in/dp/B07WFPLN3X,18999.0,99.95
"Vivo X200 Pro 5G (Titanium Grey, 16GB RAM, 512GB Storage) with No Cost EMI/Additional Exchange Offers",Additional Flat INR 5750 Off on SBI Cards,https://www.amazon.in/dp/B07WDJMX16,101999.0,94.36
"Lava Agni 3 5G (Pristine Glass, 8GB+256GB) | India's 1st Dual AMOLED | 1.5K Curved Display | Dimensity 7300X | 50MP Triple...",Additional Flat INR 1000 Off on SBICards,https://www.amazon.in/dp/B0DGLKNHVN,27999.0,96.43
XIAOMI 14 Civi Matcha Green (8GB RAM 256GB Storage) | 50 MP Leica Triple Camera| SD 8s Gen 3 | 1.5K Quad Curved AMOLED Hyp...,"₹25,999",https://www.amazon.in/dp/B0D81K17MT,54999.0,52.73
"Lava Storm Play 5G (Dune Titanium, 8+8*GB RAM, 256 GB Storage)|India's First MT D7060 Processor with 525k Antutu |50 MP AI...","₹12,499",https://www.amazon.in/dp/B0FL7YFTXH,14599.0,14.38
"Lava A1 Music(White), Bluetooth Support, Smart AI Battery, Military Grade Certified,4 Days Battery Backup, Keypad Mobile",₹949,https://www.amazon.in/dp/B0FLXGVY2D,1449.0,34.51
"Samsung Galaxy Z Fold7 5G Smartphone with Galaxy AI (Blue Shadow, 12GB RAM, 256GB Storage), Ultra Sleek Design with 200MP ...",Additional Flat INR 11000 Off on SBICards,https://www.amazon.in/dp/B0FDL3VZR8,174999.0,93.71
"Sponsored Ad - Redmi Note 14 5G (Phantom Purple, 6GB RAM 128GB Storage) | Global Debut MTK Dimensity 7025 Ultra | 2100 nit...",10% on select bank cards,https://www.amazon.in/dp/B0DPFSCQJP,21999.0,99.95
Sponsored Ad - Apple iPhone 15 (512 GB) - Yellow,"₹76,999",https://www.amazon.in/dp/B0CHX3QB9M,99900.0,22.92
"Sponsored Ad - iPhone 16 512 GB: 5G Mobile Phone with Camera Control, A18 Chip and a Big Boost in Battery Life. Works with...",Additional Flat INR 3000 Off on SBI Cards,https://www.amazon.in/dp/B0DGJ57571,109900.0,97.27
"vivo Y100A 5G (Twilight Gold, 8GB RAM, 128GB Storage) with No Cost EMI/Additional Exchange Offers",10% on select bank cards,https://www.amazon.in/dp/B07WHQ77WK,29999.0,99.97
"Vivo V50e 5G (Sapphire Blue, 8GB RAM, 128GB Storage) with No Cost EMI/Additional Exchange Offers",Additional Flat INR 1450 Off on SBI Cards,https://www.amazon.in/dp/B0F21983TP,33999.0,95.74
"Vivo Y29 5G (Glacier Blue, 6GB RAM, 128GB Storage) with No Cost EMI/Additional Exchange Offers","₹15,499",https://www.amazon.in/dp/B07WGPJWQL,17999.0,13.89
"Nokia 2660 Flip 4G Volte keypad Phone with Dual SIM, Dual Screen, inbuilt MP3 Player & Wireless FM Radio | Blue","₹4,499",https://www.amazon.in/dp/B0B9YG883G,5899.0,23.73
"Samsung Galaxy A17 5G (Gray, 8GB RAM, 256GB Storage) | with Travel Adapter | 50 MP No Shake Camera | Gemini Live | Circle ...","₹23,499",https://www.amazon.in/dp/B0FLHZJMT2,26499.0,11.32
OnePlus Nord CE5 | Massive 7100mAh Battery | MediaTek Dimensity 8350 Apex | Powered by OnePlus AI | 8GB + 128GB | Nexus Blue,"₹23,499",https://www.amazon.in/dp/B0FC6XHHSV,24999.0,6.0
"OPPO A3X 5G (Starry Purple, 4GB RAM, 128GB Storage)|6.67” HD+ 120Hz Refresh Rate Screen | 45W SUPERVOOC|with No Cost EMI/A...",10% on select bank cards,https://www.amazon.in/dp/B0D9HMVKFG,15999.0,99.94
Sponsored Ad - Redmi Note 14 Pro+ 5G Spectre Blue 12GB RAM 512GB Storage| 50 MP Triple Camera with Telephoto | Corning Gor...,"₹31,998",https://www.amazon.in/dp/B0DQRH4J62,39999.0,20.0
Motorola All-New A50 Dual Sim keypad Phone (with Voice Feature) | 1750 mAh Powerful Battery | 2 Years Replacement Warrent...,"₹1,429",https://www.amazon.in/dp/B0D45KY6SQ,1699.0,15.89
"Lava O3 Pro (Glossy Purple, 4 GB RAM, 64 GB Storage)| Bigger 6.56"" HD+ Display | 50 MP AI Triple Rear Camera | 8 MP Front ...","₹5,999",https://www.amazon.in/dp/B0F4DD2MB3,7799.0,23.08
"realme C75 5G Smartphone Android 15 6GB RAM 128GB ROM Display 6.67"" FHD 120Hz 6000mAh Battery 45W Charge Dual SIM Support ...",10% on select bank cards,https://www.amazon.in/dp/B0FHW5VNV7,16999.0,99.94
"Infinix Note 40 5G (Obsidian Black, 8GB RAM, 256GB Storage) | 120Hz AMOLED Display | 108MP OIS Triple Camera | Sound by JB...",Additional Flat INR 1000 Off on ALL Banks,https://www.amazon.in/dp/B0D5HMNFX2,24999.0,96.0
"MOTOROLA G60 (Moonless, 128 GB) (6 GB RAM)",10% on select bank cards,https://www.amazon.in/dp/B09XR5C3MX,21999.0,99.95
Redmi A5 Just Black (3GB RAM 64GB Storage) | Royale Design | Segment's Largest 17.47cm(6.88) and Smoothest 120Hz Display |...,Up to 5% back with Amazon Pay ICICI card,https://www.amazon.in/dp/B0F3P2ZL2X,8999.0,99.94
"Infinix Note 50x 5G+ (Sea Breeze Green, 8GB RAM, 128GB Storage) | MediaTek Dimensity 7300 | 50MP Dual Rear Camera| 6.78"" A...","₹12,890",https://www.amazon.in/dp/B0F3V51X67,16999.0,24.17
XIAOMI 14 Civi Cruise Blue (8GB RAM 256GB Storage) | 50 MP Leica Triple Camera| SD 8s Gen 3 | 1.5K Quad Curved AMOLED HyperOS,"₹25,999",https://www.amazon.in/dp/B0D83M6WVX,54999.0,52.73
Sponsored Ad - OnePlus Nord 5 | Snapdragon 8s Gen 3 | Stable 144FPS Gaming | Dual 50MP Flagship Camera | Powered by OnePlu...,"₹33,499",https://www.amazon.in/dp/B0FCML3CQJ,37999.0,11.84
"Sponsored Ad - Redmi Note 14 5G (Mystique White, 6GB RAM 128GB Storage) | Global Debut MTK Dimensity 7025 Ultra | 2100 nit...",10% on select bank cards,https://www.amazon.in/dp/B0DPFSH2X3,21999.0,99.95
Sponsored Ad - Redmi Note 14 Pro+ 5G Champagne Gold 8GB RAM 256GB Storage| 50 MP Triple Camera with Telephoto | Corning Go...,"₹28,998",https://www.amazon.in/dp/B0FDW146QZ,36999.0,21.62
"Sponsored Ad - Redmi Note 14 5G (Titan Black, 8GB RAM 128GB Storage) | Global Debut MTK Dimensity 7025 Ultra | 2100 nits S...",10% on select bank cards,https://www.amazon.in/dp/B0DPFTHDBX,22999.0,99.96
Xiaomi 14 Civi Hot Pink (12GB RAM 512GB Storage) | 50 MP Leica Triple Camera| SD 8s Gen 3 | 1.5K Quad Curved AMOLED HyperOS,"₹28,999",https://www.amazon.in/dp/B0F3X4Z41L,59999.0,51.67
"Redmi 14C 5G (Stardust Purple, 6GB RAM, 128GB Storage) | Superfast 4nm Snapdragon 4 Gen 2 | 120Hz 17.47cm (6.88”) Display...","₹10,998",https://www.amazon.in/dp/B0DQV8FQBG,14999.0,26.68
"Samsung Galaxy Z Flip7 FE 5G Smartphone with Galaxy AI (Black, 8GB RAM, 256GB Storage), Ultra Sleek Compact Design, 50MP H...","₹89,999",https://www.amazon.in/dp/B0FDL2QW3X,95999.0,6.25
"VIVO X100 Pro 5G Smartphone (Asteroid Black, 16GB RAM+ 512GB Storage) MediaTek Dimensity 9300 Processor | AMOLED Display |...",10% on select bank cards,https://www.amazon.in/dp/B07WHRTX85,96999.0,99.99
"Infinix Hot 50 5G, Vibrant Blue (8GB, 128GB)",10% on select bank cards,https://www.amazon.in/dp/B0DMFNVGJ2,14999.0,99.93
"Lava Blaze 2 5G (Glass Black, 6GB RAM, 128GB Storage)| Stunning Ring Light| 50 MP AI Camera |5000 mAh Battery| Upto 12 GB ...",10% on select bank cards,https://www.amazon.in/dp/B0CLXZ5R7Q,12499.0,99.92
"Motorola Edge 50 Fusion 5G (Hot Pink, 8GB RAM, 128GB Storage)",10% on select bank cards,https://www.amazon.in/dp/B0D4JMFNN8,25999.0,99.96
"Samsung Galaxy A36 5G (Awesome Lavender, 8GB, 256GB) | Gemini Live | Awesome Intelligence (AI): Circle to Search, My Filte...","₹30,999",https://www.amazon.in/dp/B0DYDPZWWV,38999.0,20.51
"Philips All-New E2221 Sleek & Stylish |Keypad Mobile with 2.4"" Screen|2500 MAH Battery | 2030mm Speaker| Wireless FM | Bri...","₹1,598",https://www.amazon.in/dp/B0F9YYJ2WV,1799.0,11.17
"Samsung Galaxy A36 5G (Awesome Black, 8GB, 256GB) | Gemini Live | Awesome Intelligence (AI): Circle to Search, My Filter, ...","₹30,999",https://www.amazon.in/dp/B0DYDNZQW8,38999.0,20.51
"OPPO F29 5G (Glacier Blue, 8GB RAM, 128GB Storage) with No Cost EMI/Additional Exchange Offers",Additional Flat INR 949 Off on SBI Cards,https://www.amazon.in/dp/B0DY1K84G3,28999.0,96.73
"Samsung Galaxy A17 5G (Blue, 8GB RAM, 128GB Storage) | with Travel Adapter | 50 MP No Shake Camera | Gemini Live | Circle ...","₹20,499",https://www.amazon.in/dp/B0FLJDBJW7,23499.0,12.77
"TECNO POVA 6 NEO 5G (Midnight Shadow, 6GB+128GB) | Advanced AI Features | 108MP Ultra Clear AI Camera | D6300 Powerful Pro...","₹9,999",https://www.amazon.in/dp/B0DCZRLKS1,15999.0,37.5
"OPPO A5 5G (Aurora Green, 6GB RAM, 128GB Storage) with No Cost EMI/Additional Exchange Offers",Additional Flat INR 250 Off on SBI Cards,https://www.amazon.in/dp/B0FCMNQV1B,19499.0,98.72
"Vivo Y29 5G (Diamond Black, 6GB RAM, 128GB Storage) with No Cost EMI/Additional Exchange Offers","₹15,499",https://www.amazon.in/dp/B07WHQQW74,17999.0,13.89
Sponsored Ad - ZENO 5G AI Smartphone | 8GB RAM 128GB ROM | IP54 Rated for Dust & Water Resistance | D6300 5G Processor | ...,"₹10,298",https://www.amazon.in/dp/B0F2268KPJ,12999.0,20.78
"Sponsored Ad - iPhone 17 Pro Max 2 TB: 17.42 cm (6.9″) Display with Promotion, A19 Pro Chip, Best Battery Life in Any iPho...",Additional Flat INR 2000 Off on SBI Cards,https://www.amazon.in/dp/B0FQFVX9ZZ,229900.0,99.13
Sponsored Ad - Redmi Note 14 Pro+ 5G Titan Black 8GB RAM 256GB Storage| 50 MP Triple Camera with Telephoto | Corning Goril...,"₹28,998",https://www.amazon.in/dp/B0DQQPMNC2,36999.0,21.62
"Samsung Galaxy A06 5G (Gray, 4GB RAM, 128GB Storage) | 50MP Dual Camera | 4 Gen OS Upgrades | IP54 Rating | Voice Focus",10% on select bank cards,https://www.amazon.in/dp/B0DXDZZCTR,15499.0,99.94
"Samsung Galaxy A06 5G (Black, 6GB RAM, 128GB Storage) | 50MP Dual Camera | 4 Gen OS Upgrades | IP54 Rating | Voice Focus","₹12,499",https://www.amazon.in/dp/B0DXF16473,16999.0,26.47
"OPPO F29 Pro 5G (Marble White, 8GB RAM, 256GB Storage) with No Cost EMI/Additional Exchange Offers",Additional Flat INR 1349 Off on SBI Cards,https://www.amazon.in/dp/B0DY1L6VVW,34999.0,96.15
"Samsung Galaxy A06 5G (Black, 4GB RAM, 128GB Storage) | 50MP Dual Camera | 4 Gen OS Upgrades | IP54 Rating | Voice Focus","₹11,000",https://www.amazon.in/dp/B0DXF1PWKN,15499.0,29.03
"Lava Storm Lite 5G (Astral Blue, 4+4*GB RAM, 128GB Storage) | India's First MTK Dimensity 6400 Processor | 50MP AI Camera...","₹8,998",https://www.amazon.in/dp/B0FB436KMF,11499.0,21.75
Micromax X1i Smart Plus - Blue,₹999,https://www.amazon.in/dp/B0CTKNGTFZ,2099.0,52.41
"Nokia 5310 Dual SIM Keypad Phone with MP3 Player, Wireless FM Radio and Rear Camera with Flash | 1 Year Replacement Guaran...","₹3,399",https://www.amazon.in/dp/B0DGQPV58L,4999.0,32.01
"Samsung Galaxy A36 5G (Awesome White, 8GB, 256GB) | Gemini Live | Awesome Intelligence (AI): Circle to Search, My Filter, ...","₹30,999",https://www.amazon.in/dp/B0DYDQTMY5,38999.0,20.51
"Lava Storm Lite 5G (Cosmic Titanium, 4+4*GB RAM, 128GB Storage) | India's First MTK Dimensity 6400 Processor | 50MP AI Cam...","₹8,998",https://www.amazon.in/dp/B0FB41SQN1,11499.0,21.75
"Lava A7 Torch+ Dual Sim Keypad Mobile Phone (with Instant Slide Torch)| 2.4"" Big Display | Powerful Battery Backup | Vibra...","₹1,462",https://www.amazon.in/dp/B0DNNFXY3G,1899.0,23.01
"Lava A5 (2025) Dual SIM Keypad Mobile with 2.4'' Big Display | UPI Support, 1200mAh Battery | BOL Feature | Camera | Auto ...","₹1,222",https://www.amazon.in/dp/B0DSVPVHNP,1599.0,23.58
WOW IMAGINE Back Cover for Redmi A4 5G | Poco C75 5G | 14C 5G | Poco M7 | Ultra Slim Soft Rubberised Case | Inner Velvet F...,₹165,https://www.amazon.in/dp/B0DNTHLD3G,999.0,83.48
Sponsored Ad - Redmi Note 14 Pro+ 5G Titan Black 8GB RAM 128GB Storage| 50 MP Triple Camera with Telephoto | Corning Goril...,"₹26,998",https://www.amazon.in/dp/B0DQLVWRVX,34999.0,22.86
"realme NARZO 80 Lite 4G (Beach Gold, 6GB+128GB) | 6300mAh Segment's Biggest Battery | 7.94mm Slim Design | 300% Ultra Volu...","₹7,198",https://www.amazon.in/dp/B0FG2NDHJM,10999.0,34.56
"ZENO 5G AI Smartphone | 8GB RAM 128GB ROM | IP54 Rated for Dust & Water Resistance | D6300 5G Processor | 6.7"" HD+ 120Hz P...","₹10,298",https://www.amazon.in/dp/B0F226X5LW,12999.0,20.78
"Micromax All-New J3 Plus Sleek & Stylish |Keypad Mobile with 1.77"" Screen|1000 MAH Battery | Bright Torch| Wireless FM | B...",₹925,https://www.amazon.in/dp/B075J9SD76,1549.0,40.28
"Vivo Y29 5G (Diamond Black, 4GB RAM, 128GB Storage) with No Cost EMI/Additional Exchange Offers","₹13,999",https://www.amazon.in/dp/B07WHQ92J6,16499.0,15.15
"Motorola Edge 50 Fusion 5G (Forest Blue, 8Gb Ram, 128Gb Storage",10% on select bank cards,https://www.amazon.in/dp/B0D4JLFTJX,25999.0,99.96
"iQOO Z10x 5G (Titanium, 8GB RAM, 128GB Storage) | 6500 mAh Large Capacity Battery | Dimensity 7300 Processor | Military-Gr...","₹14,498",https://www.amazon.in/dp/B0F2T61RZD,18999.0,23.69
"Nokia All-New 105 Dual Sim Keypad Phone with Built-in UPI Payments, Long-Lasting Battery, Wireless FM Radio | Charcoal","₹1,199",https://www.amazon.in/dp/B0CBMH1YSN,1699.0,29.43
"Samsung Galaxy F06 5G, Bahama Blue (4GB, 128GB)",10% on select bank cards,https://www.amazon.in/dp/B0DYP4NYYJ,13999.0,99.93
"Lava Blaze 2 5G (Glass Blue, 6GB RAM, 128GB Storage)| Stunning Ring Light| 50 MP AI Camera |5000 mAh Battery| Upto 12 GB E...",10% on select bank cards,https://www.amazon.in/dp/B0CLXY8SPY,12499.0,99.92
"Xiaomi Redmi Go Phone (Black, 16 GB 1 GB RAM)",10% on select bank cards,https://www.amazon.in/dp/B07SRZSQYV,6499.0,99.85
"Tecno POP 9 5G (Azure Sky, 4GB+64GB) | Advanced AI Features | 108MP Ultra Clear AI Camera | D6300 Powerful Processor | 5 Y...",10% on select bank cards,https://www.amazon.in/dp/B0DGLZWDN3,11999.0,99.92
"MOTOROLA Edge 60 Pro (Pantone Shadow, 512 GB) (16 GB RAM)","₹39,989",https://www.amazon.in/dp/B0FJMK27Y5,42999.0,7.0
"OPPO F27 Pro+ 5G (Dusk Pink, 8GB RAM, 256GB Storage)| 6.7"" FHD+ AMOLED Toughest 3D Curved Display|64MP AI Featured Camera|...",10% on select bank cards,https://www.amazon.in/dp/B0D53FBV6F,34999.0,99.97
"Sponsored Ad - Lava Play Ultra 5G (Arctic Frost, 6+6*GB RAM, 128GB Storage)|MTK D7300 Processor-700K+ Antutu| 6.67"" FHD+AM...","₹14,998",https://www.amazon.in/dp/B0FM87WD75,16999.0,11.77
Sponsored Ad - Redmi Note 14 Pro+ 5G Phantom Purple 8GB RAM 256GB Storage| 50 MP Triple Camera with Telephoto | Corning Go...,"₹28,998",https://www.amazon.in/dp/B0DQQP88PG,36999.0,21.62
"itel Super Guru 4G Max | Dual 4G | Max 3"" Display | Smart AI Voice Assistant | 2000 mAh Battery | Type-C Charger | Cloud A...","₹2,049",https://www.amazon.in/dp/B0FGJ142F1,2999.0,31.68
"Tecno Spark GO 2 (Titanium Grey, 4GB+64GB) | Segment 1st IP64 SGS Certified | Segment's 1st AI with Indian Languages | Seg...","₹6,998",https://www.amazon.in/dp/B0FD7PH275,8999.0,22.24
"itel A95 5G+ AI Smartphone | 6GB RAM + 128GB ROM | D6300 5G Processor | 6.7"" HD+ Punch-Hole Display, 120Hz Refresh Rate | ...",10% on select bank cards,https://www.amazon.in/dp/B0F2HP98RW,13999.0,99.93
"Samsung Galaxy A26 5G (Awesome White, 8GB, 128GB) | Awesome Intelligence (AI) | Circle to Search | Gemini Live | FHD+ sAMO...","₹23,999",https://www.amazon.in/dp/B0DYDQ5XWR,27999.0,14.29
"Sponsored Ad - Redmi Note 14 5G (Titan Black, 6GB RAM 128GB Storage) | Global Debut MTK Dimensity 7025 Ultra | 2100 nits S...",10% on select bank cards,https://www.amazon.in/dp/B0DPFTYQN7,21999.0,99.95
"Sponsored Ad - Redmi Note 14 5G (Phantom Purple, 8GB RAM 256GB Storage) | Global Debut MTK Dimensity 7025 Ultra | 2100 nit...",10% on select bank cards,https://www.amazon.in/dp/B0DPFST37Y,24999.0,99.96
Sponsored Ad - Redmi Note 14 Pro+ 5G Spectre Blue 8GB RAM 256GB Storage| 50 MP Triple Camera with Telephoto | Corning Gori...,"₹28,998",https://www.amazon.in/dp/B0DQQCXTYT,36999.0,21.62
"CMF Phone 2 Pro 5G (Light Green, 8GB RAM, 256GB Storage) | Dimensity 7300 Pro Processor | 5000mAh Battery 33W Fast Chargin...",10% on select bank cards,https://www.amazon.in/dp/B0F6754D4W,24999.0,99.96
"Lava Storm 5G (Thunder Black, 8GB RAM, 128GB ROM) | Powerful MediaTek Dimensity 6080 Processor | 50MP Ultrawide Rear+16MP ...",10% on select bank cards,https://www.amazon.in/dp/B0CHM745CT,15999.0,99.94
"itel it5262-2.4 inch Big Display with Premium Glass Like Back Design, 2000 mAh Battery, Auto Call Recording and Type C Cha...","₹1,390",https://www.amazon.in/dp/B0CVGYKJTR,1599.0,13.07
"Samsung Galaxy S25 Ultra 5G AI Smartphone (Titanium Gray, 12GB RAM, 512GB Storage), 200MP Camera, S Pen Included, Long Bat...",Additional Flat INR 7750 Off on SBICards,https://www.amazon.in/dp/B0DT4N4Z28,141999.0,94.54
HMD Crest 5G | Segment First 50 MP Selfie Camera | 50 MP Dual Rear AI Camera | FHD+ OLED Display | 6 GB RAM & 128 GB Stora...,10% on select bank cards,https://www.amazon.in/dp/B0D93WPSR8,18999.0,99.95
"realme NARZO 80 Lite 5G (Onyx Black, 4GB+128GB) | 6000mAh Long-Lasting Battery | MediaTek Dimensity 6300 5G | AI Assist | ...","₹8,998",https://www.amazon.in/dp/B0F9TSLK2L,13999.0,35.72
Sponsored Ad - OnePlus 13 | Smarter with OnePlus AI | Lifetime Display Warranty |12GB RAM 256GB Storage Black Eclipse | Of...,"₹61,999",https://www.amazon.in/dp/B0DQ8MGRNX,72999.0,15.07
Sponsored Ad - Redmi 15 5G Frosted White 8GB + 256GB | Segment's Largest 7000mAhA Battery | Segment's Largest Display 17.5...,"₹16,998",https://www.amazon.in/dp/B0FJFVBSF4,19999.0,15.01
"Sponsored Ad - Redmi Xiaomi Note 14 Pro, 5G Spectre Blue 8GB RAM 128GB Storage| 50 MP Triple Camera with Telephoto | Corni...","₹26,998",https://www.amazon.in/dp/B0DQLTWBH7,34999.0,22.86
"Sponsored Ad - Redmi Note 14 5G (Mystique White, 8GB RAM 128GB Storage) | Global Debut MTK Dimensity 7025 Ultra | 2100 nit...",10% on select bank cards,https://www.amazon.in/dp/B0DPFV3T4V,22999.0,99.96
Sponsored Ad - Redmi 15 5G Frosted White 6GB + 128GB | Segment's Largest 7000mAhA Battery | Segment's Largest Display 17.5...,"₹14,998",https://www.amazon.in/dp/B0FJFVLPQP,16999.0,11.77
Sponsored Ad - Apple iPhone 15 (128 GB) - Black,47999.0,https://www.amazon.in/dp/B0CHX1W1XY,69900.0,31.33
Sponsored Ad - Apple iPhone 15 Plus (128 GB) - Black,68999.0,https://www.amazon.in/dp/B0CHXCR9CX,89900.0,23.25
Apple iPhone 15 (128 GB) - Blue,47999.0,https://www.amazon.in/dp/B0CHX2F5QT,69900.0,31.33
"iPhone Air 256 GB: Thinnest iPhone Ever, 16.63 cm (6.5″) Display with Promotion up to 120Hz, Powerful A19 Pro Chip, Center...",119900.0,https://www.amazon.in/dp/B0FQFJGP8S,,
Apple iPhone 15 (128 GB) - Pink,47999.0,https://www.amazon.in/dp/B0CHX3TW6X,69900.0,31.33
Apple iPhone 15 (256 GB) - Black,57999.0,https://www.amazon.in/dp/B0CHX2WQLX,79900.0,27.41
Apple iPhone 15 (128 GB) - Green,47999.0,https://www.amazon.in/dp/B0CHX6NQMD,69900.0,31.33
Apple iPhone 13 (128GB) - Midnight,43900.0,https://www.amazon.in/dp/B09G9HD6PD,59900.0,26.71
Apple iPhone 15 (256 GB) - Blue,57999.0,https://www.amazon.in/dp/B0CHX6N27Y,79900.0,27.41
"iPhone 16 128 GB: 5G Mobile Phone with Camera Control, A18 Chip and a Big Boost in Battery Life. Works with AirPods; Black",69499.0,https://www.amazon.in/dp/B0DGJHBX5Y,79900.0,13.02
"iPhone 16 128 GB: 5G Mobile Phone with Camera Control, A18 Chip and a Big Boost in Battery Life. Works with AirPods; White",69499.0,https://www.amazon.in/dp/B0DGHZWBYB,79900.0,13.02
"iPhone 16 128 GB: 5G Mobile Phone with Camera Control, A18 Chip and a Big Boost in Battery Life. Works with AirPods; Teal",69499.0,https://www.amazon.in/dp/B0DGJH8RYG,79900.0,13.02
Apple iPhone 15 (256 GB) - Yellow,57999.0,https://www.amazon.in/dp/B0CHX8JCXN,89900.0,35.48
"iPhone 16 256 GB: 5G Mobile Phone with Camera Control, A18 Chip and a Big Boost in Battery Life. Works with AirPods; Black",78499.0,https://www.amazon.in/dp/B0DGJ54GQW,89900.0,12.68
Apple iPhone 15 (256 GB) - Pink,57999.0,https://www.amazon.in/dp/B0CHX4CRND,79800.0,27.32
"iPhone Air 256 GB: Thinnest iPhone Ever, 16.63 cm (6.5″) Display with Promotion up to 120Hz, Powerful A19 Pro Chip, Center...",119900.0,https://www.amazon.in/dp/B0FQFTV1NP,,
Apple iPhone 13 (128GB) - Blue,43900.0,https://www.amazon.in/dp/B09G9BL5CP,59900.0,26.71
"Sponsored Ad - Redmi 13 5G Prime Edition, Black Diamond, 8GB+128GB | India Debut SD 4 Gen 2 AE | 108MP Pro Grade Camera | ...",10999.0,https://www.amazon.in/dp/B0D78Y577J,19999.0,45.0
"Sponsored Ad - Lava Bold N1 5G (Champagne Gold, 4GB RAM, 128GB Storage) |Bigger 6.75"" HD+ Notch Display | Octacore 5G Proc...",7999.0,https://www.amazon.in/dp/B0FNX18XGS,10499.0,23.81
Apple iPhone 15 (512 GB) - Black,76999.0,https://www.amazon.in/dp/B0CHX9MF1L,109600.0,29.75
Apple iPhone 14 (256 GB) - Starlight,61900.0,https://www.amazon.in/dp/B0BDJS3MRM,79900.0,22.53
Apple iPhone 15 (128 GB) - Yellow,,https://www.amazon.in/dp/B0CHX7NG26,,
"iPhone Air 512 GB: Thinnest iPhone Ever, 16.63 cm (6.5″) Display with Promotion up to 120Hz, Powerful A19 Pro Chip, Center...",139900.0,https://www.amazon.in/dp/B0FQFL4HMP,,
"iPhone 16 Pro Max 256 GB: 5G Mobile Phone with Camera Control, 4K 120 fps Dolby Vision and a Huge Leap in Battery Life. Wo...",130900.0,https://www.amazon.in/dp/B0DGHYDZR9,144900.0,9.66
"iPhone 16 128 GB: 5G Mobile Phone with Camera Control, A18 Chip and a Big Boost in Battery Life. Works with AirPods; Pink",69499.0,https://www.amazon.in/dp/B0DGJ8YZDF,79900.0,13.02
Apple iPhone 15 (256 GB) - Green,57999.0,https://www.amazon.in/dp/B0CHX41VNZ,79900.0,27.41
"iPhone 16 128 GB: 5G Mobile Phone with Camera Control, A18 Chip and a Big Boost in Battery Life. Works with AirPods; Ultra...",69499.0,https://www.amazon.in/dp/B0DGJ7TGDR,79900.0,13.02
"iPhone Air 256 GB: Thinnest iPhone Ever, 16.63 cm (6.5″) Display with Promotion up to 120Hz, Powerful A19 Pro Chip, Center...",119900.0,https://www.amazon.in/dp/B0FQFBDQJ1,,
"Apple 20W USB-C Power Adapter (for iPhone, iPad & AirPods)",1299.0,https://www.amazon.in/dp/B09794YHBS,1900.0,31.63
Apple iPhone 14 (256 GB) - Midnight,61900.0,https://www.amazon.in/dp/B0BDJ6N5D6,79900.0,22.53
OnePlus Nord 5 | Snapdragon 8s Gen 3 | Stable 144FPS Gaming | Dual 50MP Flagship Camera | Powered by OnePlus AI | 8GB + 25...,30499.0,https://www.amazon.in/dp/B0FCML66W9,34999.0,12.86
(Renewed) Apple iPhone 15 (128 GB) - Pink,,https://www.amazon.in/dp/B0CW6C9F7D,,
XIAOMI 15 White (12GB/512GB)| 50 MP Leica Triple Camera | SD 8 Elite | 1.5K CrystalRes Dynamic 1-120 Hz AMOLED | Hyper AI,64997.0,https://www.amazon.in/dp/B0DY7KJTLG,79999.0,18.75
"Samsung Galaxy A55 5G (Awesome Iceblue, 8GB RAM, 256GB Storage) | AI | Metal Frame | 50 MP Main Camera (OIS) | Super HDR V...",25999.0,https://www.amazon.in/dp/B0CWPCFSM3,45999.0,43.48
"iPhone 16 256 GB: 5G Mobile Phone with Camera Control, A18 Chip and a Big Boost in Battery Life. Works with AirPods; Teal",79900.0,https://www.amazon.in/dp/B0DGJHBDTS,89900.0,11.12
"Sponsored Ad - Redmi 13 5G Prime Edition, Orchid Pink, 8GB+128GB | India Debut SD 4 Gen 2 AE | 108MP Pro Grade Camera | 6....",10999.0,https://www.amazon.in/dp/B0D78X5CMJ,19999.0,45.0
"iPhone 16 256 GB: 5G Mobile Phone with Camera Control, A18 Chip and a Big Boost in Battery Life. Works with AirPods; White",78999.0,https://www.amazon.in/dp/B0DGJKT2V7,89900.0,12.13
"Samsung Galaxy S24 Ultra 5G AI Smartphone with Galaxy AI (Titanium Gray, 12GB, 256GB Storage), Snapdragon 8 Gen 3, 200 MP ...",,https://www.amazon.in/dp/B0CS5XW6TN,,
Apple iPhone 12 (256GB) - Purple,63999.0,https://www.amazon.in/dp/B0932RLX4G,94900.0,32.56
"iPhone 16 512 GB: 5G Mobile Phone with Camera Control, A18 Chip and a Big Boost in Battery Life. Works with AirPods; Pink",97999.0,https://www.amazon.in/dp/B0DGJ57571,109900.0,10.83
"amazon basics Luxury Paper Thin Case Cover for iPhone 15 | Matte Finish | Compatible with magsafe | (Blue, iPhone 15)",229.0,https://www.amazon.in/dp/B0DTPRQH42,799.0,71.34
"iPhone Air 1 TB: Thinnest iPhone Ever, 16.63 cm (6.5″) Display with Promotion up to 120Hz, Powerful A19 Pro Chip, Center S...",159900.0,https://www.amazon.in/dp/B0FQFVRC1B,,
Apple iPhone 13 (128GB) - Green,43900.0,https://www.amazon.in/dp/B09V4B6K53,,
"iPhone Air 1 TB: Thinnest iPhone Ever, 16.63 cm (6.5″) Display with Promotion up to 120Hz, Powerful A19 Pro Chip, Center S...",159900.0,https://www.amazon.in/dp/B0FQG8WM6R,,
"iPhone 16 512 GB: 5G Mobile Phone with Camera Control, A18 Chip and a Big Boost in Battery Life. Works with AirPods; Ultra...",97999.0,https://www.amazon.in/dp/B0DGJ6CMJK,109900.0,10.83
SKYCELL Charger Case Cover with Full Cable Protector 3D Cute Pattern Compatible for iPhone Charger Only 18W & 20W iPhone 1...,52.0,https://www.amazon.in/dp/B0DMM6XFXJ,899.0,94.22
"Ambrane USB To Lightning 3A Fast Charging Braided Lightning Cable Compatible For iPhone 14,13, 12,11, X, 8, 7, 6, 5, Ipad,...",178.0,https://www.amazon.in/dp/B0CZRQCF29,399.0,55.39
"iPhone 16 256 GB: 5G Mobile Phone with Camera Control, A18 Chip and a Big Boost in Battery Life. Works with AirPods; Ultra...",78999.0,https://www.amazon.in/dp/B0DGJ8N32F,89900.0,12.13
"amazon basics Luxury Paper Thin Case Cover for iPhone 17 | Matte Finish | Compatible with magsafe | (Light Blue, iPhone 17)",299.0,https://www.amazon.in/dp/B0FPX3BBGV,749.0,60.08
Sounce Shockproof Superior Drop Protection Cover Scratch Resistant Case Premium Armor Magsafe Designed Shield Strong Megne...,379.0,https://www.amazon.in/dp/B0CPYH85QN,699.0,45.78
Apple iPhone 15 (512 GB) - Pink,76999.0,https://www.amazon.in/dp/B0CHWWNKS6,99900.0,22.92
"iPhone Air 512 GB: Thinnest iPhone Ever, 16.63 cm (6.5″) Display with Promotion up to 120Hz, Powerful A19 Pro Chip, Center...",139900.0,https://www.amazon.in/dp/B0FQG8LLXS,,
"Sponsored Ad - Redmi 13 5G Prime Edition, Hawaiian Blue, 8GB+128GB | India Debut SD 4 Gen 2 AE | 108MP Pro Grade Camera | ...",10999.0,https://www.amazon.in/dp/B0D78X544X,19999.0,45.0
Apple iPhone 15 (512 GB) - Green,76999.0,https://www.amazon.in/dp/B0CHX2XFJJ,99900.0,22.92
"iPhone Air 1 TB: Thinnest iPhone Ever, 16.63 cm (6.5″) Display with Promotion up to 120Hz, Powerful A19 Pro Chip, Center S...",159900.0,https://www.amazon.in/dp/B0FQG1K1FM,,
Apple iPhone 15 (512 GB) - Yellow,76999.0,https://www.amazon.in/dp/B0CHX3QB9M,99900.0,22.92
OnePlus Nord CE5 | Massive 7100mAh Battery | MediaTek Dimensity 8350 Apex | Powered by OnePlus AI | 8GB + 256GB | Nexus Blue,25499.0,https://www.amazon.in/dp/B0FCMK41N9,26999.0,5.56
"AILKIN 20W Fast Charger with USB C to Lightning Cable (MFi-Certified, 2 Years Extended Warranty) Compatible with iPhone 1...",699.0,https://www.amazon.in/dp/B0F7DPK6VB,2999.0,76.69
"iPhone 16 256 GB: 5G Mobile Phone with Camera Control, A18 Chip and a Big Boost in Battery Life. Works with AirPods; Pink",79499.0,https://www.amazon.in/dp/B0DGJ3NWM4,89900.0,11.57
"iPhone 16 512 GB: 5G Mobile Phone with Camera Control, A18 Chip and a Big Boost in Battery Life. Works with AirPods; Teal",97999.0,https://www.amazon.in/dp/B0DGJBZLD1,109900.0,10.83
"iPhone 16 Pro Max 512 GB: 5G Mobile Phone with Camera Control, 4K 120 fps Dolby Vision and a Huge Leap in Battery Life. Wo...",,https://www.amazon.in/dp/B0DGHYSLTF,,
"ZEBRONICS MW63 Wireless Power Bank, 10000 mAh, Rapid Charge, Magsafe, Outputs - 20W Wired | 15W Wireless, Type C PD, Built...",366.0,https://www.amazon.in/dp/B0F7L7R2FJ,3999.0,90.85
"iPhone 16 Pro 128 GB: 5G Mobile Phone with Camera Control, 4K 120 fps Dolby Vision and a Huge Leap in Battery Life. Works ...",,https://www.amazon.in/dp/B0DGJBN8TV,,
Apple iPhone 15 (512 GB) - Blue,76999.0,https://www.amazon.in/dp/B0CHXB1PT6,99900.0,22.92
"iPhone Air 512 GB: Thinnest iPhone Ever, 16.63 cm (6.5″) Display with Promotion up to 120Hz, Powerful A19 Pro Chip, Center...",139900.0,https://www.amazon.in/dp/B0FQFJG6WN,,
"iPhone 16 Plus 128 GB: 5G Mobile Phone with Camera Control, A18 Chip and a Big Boost in Battery Life. Works with AirPods; ...",,https://www.amazon.in/dp/B0DGJ6JS1D,,
Apple iPhone 14 (512 GB) - Yellow,,https://www.amazon.in/dp/B0BXQ25XQL,,
Apple EarPods (USB-C) ​​​​​​​,1549.0,https://www.amazon.in/dp/B0DCNWN8NZ,2000.0,22.55
Spigen Ultra Hybrid Back Cover Case Compatible with iPhone 17 (TPU + Poly Carbonate | Crystal Clear),1329.0,https://www.amazon.in/dp/B0FD2CC4QZ,2499.0,46.82
Spigen EZ Fit Tempered Glass Screen Protector Guard for iPhone Air [2 Pack],699.0,https://www.amazon.in/dp/B0F9YL939H,2899.0,75.89
"iPhone 16 Pro Max 1 TB: 5G Mobile Phone with Camera Control, 4K 120 fps Dolby Vision and a Huge Leap in Battery Life. Work...",,https://www.amazon.in/dp/B0DGJ197P6,,
"Samsung Galaxy A55 5G (Awesome Navy, 8GB RAM, 128GB Storage) | AI | Metal Frame | 50 MP Main Camera (OIS) | Super HDR Vide...",23999.0,https://www.amazon.in/dp/B0CWPDH74H,42999.0,44.19
"iPhone 16 512 GB: 5G Mobile Phone with Camera Control, A18 Chip and a Big Boost in Battery Life. Works with AirPods; White",97999.0,https://www.amazon.in/dp/B0DGJGVK8T,109900.0,10.83
"iPhone 16 Pro 1 TB: 5G Mobile Phone with Camera Control, 4K 120 fps Dolby Vision and a Huge Leap in Battery Life. Works wi...",,https://www.amazon.in/dp/B0DGHXHZNL,,
OnePlus 13 | Smarter with OnePlus AI | Lifetime Display Warranty |16GB RAM 512GB Storage Midnight Ocean | Official Smartph...,68999.0,https://www.amazon.in/dp/B0DQ8MJYXF,79999.0,13.75
"Belkin MagSafe Qi2 Wireless Charger | 3-in-1 Magnetic Foldable Charger with 15W | Fast Charger for iPhone 16, 15, Apple Wa...",11999.0,https://www.amazon.in/dp/B0DQCFVQS2,15999.0,25.0
"Google Pixel 9A (Porcelain, 256 GB) (8 GB RAM)",49990.0,https://www.amazon.in/dp/B0FGY7C13L,,
Prolet Case for iPhone 13 Silicone Case Clear Transparent Shockproof Protective Phone Soft Silicone Slim Cover for iPhone ...,135.0,https://www.amazon.in/dp/B0CJCF5VM3,999.0,86.49
"Softer Plastic Screen Guard for Apple iPhone 16 | Ultra-Thin 0.45mm, Minor Scratch Protection, No Black Borders, Easy Inst...",199.0,https://www.amazon.in/dp/B0FRFCKK9T,999.0,80.08
"iPhone 16 Pro 512 GB: 5G Mobile Phone with Camera Control, 4K 120 fps Dolby Vision and a Huge Leap in Battery Life. Works ...",,https://www.amazon.in/dp/B0DGHTBK1Q,,
"iQOO 13 5G (Legend, 16GB RAM, 512GB Storage)",59998.0,https://www.amazon.in/dp/B07WDKLXFR,66999.0,10.45
Apple iPhone Air MagSafe Battery ​​​​​​​,11900.0,https://www.amazon.in/dp/B0FQFHDNQD,,
"ESR for iPhone 17 Pro Max Case, Camera Control Cover, Stash Stand, Compatible with MagSafe Accessories, TPU, Military-Grad...",2099.0,https://www.amazon.in/dp/B0FCY1Y4RB,2699.0,22.23
Spigen Liquid Air Back Cover Case Compatible with iPhone 17 (TPU | Matte Black),1044.0,https://www.amazon.in/dp/B0FD2JMYY8,1899.0,45.02
EGOTUDE Designed for iPhone 15 Case | Strong Magnet Camera Protection Translucent Matte Hard Back Cover Compatible with Ma...,283.0,https://www.amazon.in/dp/B0CHJ7LVJ6,1499.0,81.12
UNBREAKcable USB to Lightning Cable 27W [MFi Certified + 2 Years Warranty*] Fast Charger iPhone Cable for iPhone 14/13/12/...,459.0,https://www.amazon.in/dp/733897215X,1999.0,77.04
"POPIO Camera Lens Protector Compatible for iPhone Air (Black), 1 Set",114.0,https://www.amazon.in/dp/B0FQJY989T,599.0,80.97
Apple iPhone 16e Silicone Case – Lake Green,3900.0,https://www.amazon.in/dp/B0DXQJ5BPV,,
SpinBot IceDot Mobile Cooler with Semiconductor Technology | Gaming Phone Cooler for Instant Cooling with RGB Lightning- A...,899.0,https://www.amazon.in/dp/B098F6XTH5,1999.0,55.03
Ringke Air Compatible with iPhone 17 Air Case [Flexible TPU] Ultra Thin Lightweight Protective Cover - Glitter Clear,1049.0,https://www.amazon.in/dp/B0FL88FZLS,1899.0,44.76
"AIBEX Clear Mag-Saf Case for iPhone 17 Pro - 1,500 G Strong Magnetic Lock, Crystal-Clear Anti-Yellowing Back | Military-Gr...",254.0,https://www.amazon.in/dp/B0FNWPFHJZ,1199.0,78.82
"Glaxx Matte Finish Back Screen Guard Protector for iPhone Air, [Not Glass] Self Healing Unbreakable Anti-Scratch with Easy...",299.0,https://www.amazon.in/dp/B0FQJQQPG4,999.0,70.07
"Lensarmor Compatible with iPhone 17 Camera Lens Protector White (2-Pack) – 9H Tempered Glass, Military-Grade Anti-Scratch,...",584.0,https://www.amazon.in/dp/B0FQL1NYYF,1999.0,70.79
"MAGIC JOHN 2 Pack for iPhone Air 6.5 inch Tempered Glass Screen Protector, Auto Dust-Elimination, Easy Installation, Bubbl...",1699.0,https://www.amazon.in/dp/B0FHDQHKDB,84950.0,98.0
amazon basics Edge to Edge Privacy Tempered Glass for iPhone 17 with Easy Self Installation Kit | Black,199.0,https://www.amazon.in/dp/B0FPX4JN6W,499.0,60.12
amazon basics Edge to Edge Privacy Tempered Glass for iPhone 17 Pro Max with Easy Self Installation Kit | Black,199.0,https://www.amazon.in/dp/B0FPWLVFH6,499.0,60.12
"VONZEE Compatible with iPhone 17 Air Case, Luxury Retro Flowers Floral Clear for Magnetic Wireless Charging Case Shockproo...",299.0,https://www.amazon.in/dp/B0FPD7B8QY,899.0,66.74
SpinBot IceDot Mag Air Ultra-Slim Ultra-Lite Magnetic Mobile Phone Cooler I 2 Speed Gears for Temperature Control I 15W Fr...,899.0,https://www.amazon.in/dp/B0FBBNWKFC,1999.0,55.03
"GearZTouch iBLAST ISHOT with Lighteenning JackWired Earphone with Powerful HD Mic for Clear Sound, in-Line Volume Controll...",479.0,https://www.amazon.in/dp/B0FP5GW9ZX,1499.0,68.05
KARWAN®️ Rugged Magnetic Slim Back Case Cover for iPhone 15 Plus (6.7-Inch-) Heavy Duty |Dual-Layer Armor Protection| Shoc...,499.0,https://www.amazon.in/dp/B0FLYB5VPY,1499.0,66.71
Urban Armor Gear UAG Plyo Rugged Lightweight Slim Shockproof Clear Protective Case/Cover Designed for iPhone 17 Pro (2025)...,3999.0,https://www.amazon.in/dp/B0FNM8CKKF,5999.0,33.34
amazon basics Camera Glass Lens Protector Ring for iPhone 17 Case Friendly with Edge to Edge Coverage and Easy Installatio...,149.0,https://www.amazon.in/dp/B0FPX2FQ6F,449.0,66.82
"amazon basics Back Case Cover for iPhone 15 | Magnetic Case with Built-in Metal Ring | Supports Mag-Safe Charger, Wallet &...",399.0,https://www.amazon.in/dp/B0FGCWWXY9,899.0,55.62
"Xfilm Tempered Glass Camera Lens Protector Compatible For Iphone 15/15 Plus,Individual Metal Ring 9H Hardness Scratchproof...",114.0,https://www.amazon.in/dp/B0CFCW4LNP,999.0,88.59
ARTECHSHIELD Military-Grade Gorilla Tempered Glass Compatible For iPhone 17 Edge To Edge Coverage and Easy Installation Ki...,249.0,https://www.amazon.in/dp/B0FR9XS7KB,999.0,75.08
KEKOZE Diamond Camera Lens Protector Compatible With iPhone 14 and iPhone 14 Plus 9H Tempered Glass Camera Cover Screen Pr...,139.0,https://www.amazon.in/dp/B0DXVZGML4,599.0,76.79
amazon basics Edge to Edge Privacy Tempered Glass for iPhone 17 Pro with Easy Self Installation Kit | Black,199.0,https://www.amazon.in/dp/B0FPWJTHHQ,499.0,60.12
amazon basics Camera Glass Lens Protector Ring for iPhone 17 Pro Max Case Friendly with Edge to Edge Coverage and Easy Ins...,149.0,https://www.amazon.in/dp/B0FPWNCQ2Y,449.0,66.82
CELLMASTER iPhone 14 Pro Lens Protector - Compatible with 14 Pro Max - Silver,279.0,https://www.amazon.in/dp/B0CMMMGCYQ,499.0,44.09
"VONZEE Gradient Glitter Case for iPhone 17, Luxury Electroplated 3D Cube, Diamond Bling Shiny Soft TPU Clear Shockproof Wo...",299.0,https://www.amazon.in/dp/B0FPGBPFH9,899.0,66.74
amazon basics Camera Glass Lens Protector Ring for iPhone 17 Air Case Friendly with Edge to Edge Coverage and Easy Install...,149.0,https://www.amazon.in/dp/B0FPX2RJTK,449.0,66.82
"ZedGear Camera Lens Protector for iPhone 15 6.1""& iPhone 15 Plus 6.7"", Tempered Glass Camera Lens Protector Tempered Glass...",109.0,https://www.amazon.in/dp/B0D2RSR9SD,1499.0,92.73
ARTECHSHIELD Military-Grade Gorilla Privacy Tempered Glass For iPhone 17 Pro (Black) Edge To Edge Coverage and Easy Instal...,289.0,https://www.amazon.in/dp/B0FRYFHR4J,999.0,71.07
"Nilkin® Slim Matte Series case Compatible for iPhone 16 (ip16), Shockproof and Scratch-Resistant, Lightweight Case for (Gr...",799.0,https://www.amazon.in/dp/B0F9B2KF4Y,2999.0,73.36
"Elzzi Translucent Matte Kickstand Case for iPhone 17, Built-in Adjustable Camera Stand, Translucent Matte Magnetic Mag-Saf...",649.0,https://www.amazon.in/dp/B0FQ284TRR,1299.0,50.04
Spigen Tough Armor MagFit Back Cover Case Compatible with iPhone 15 Pro (TPU + Poly Carbonate | Abyss Green),1966.0,https://www.amazon.in/dp/B0C5SC5P5X,3999.0,50.84
Hollyland Wireless Magnetic Mini Microphone: Lark A1 Mini Duo Wireless Mic for iPhone/iPad with MFI Certified Lightning In...,4490.0,https://www.amazon.in/dp/B0FMQTPH2D,449000.0,99.0
WHITBULL PU Leather Magnetic Premium Flip Cover with 2 Card Slot for iPhone 17 - Black,899.0,https://www.amazon.in/dp/B0FQV6J41P,1499.0,40.03
"Glaxx Screen Protector Film for iPhone 17, Bubble Free, Self Healing Unbreakable Membrane Edge to Edge Full Coverage - Cle...",299.0,https://www.amazon.in/dp/B0FQNW398Z,999.0,70.07
"VONZEE for iPhone 17 Pro Max Case, Compatible with MagSafe, Military-Grade Protective Case, Built-in Stash Stand Phone Cas...",399.0,https://www.amazon.in/dp/B0FPFMXBCP,899.0,55.62
Erams Online Back Cover for iPhone 13 Pro Max Case Soft Matte PC Glass Protective Camera Lens Plating TPU Cover for iPhone...,499.0,https://www.amazon.in/dp/B0D8QN4J17,999.0,50.05
"JETech Slim Fit Case for iPhone 17 Air, Camera Lens Full Protection, Soft TPU Thin Protective Phone Cover with Matte Finis...",1199.0,https://www.amazon.in/dp/B0FJCSGS12,1599.0,25.02
VURIOZZ Back Cover for iPhone 17 Pro Liquid Shock Proof Protective Silicone Case Cover (Hot Pink),789.0,https://www.amazon.in/dp/B0FR2L2DRX,999.0,21.02
"MILLION CASES Mag-Safe Smooth Fit Lens Case for iPhone 14 Pro Max, iPhone 14 Pro Max Back Cover Case- TPU | Orange",486.0,https://www.amazon.in/dp/B0FF4R5ZS6,1299.0,62.59
"elago Compatible with iPhone 16 Case, Premium Liquid Silicone Case, Full Body Protective Cover, Shockproof, Slim Phone Cas...",1017.0,https://www.amazon.in/dp/B0D7HC1XS3,1499.0,32.15
Lensarmor® Military Grade Tempered Glass iPhone 17 Camera Lens Protector Rings Glitter Lavender – Compatible with iPhone 1...,278.0,https://www.amazon.in/dp/B0FQGWTJ9F,1999.0,86.09
amazon basics Camera Glass Lens Protector Ring for iPhone 17 Pro Max Case Friendly with Edge to Edge Coverage and Easy Ins...,149.0,https://www.amazon.in/dp/B0FPX2MCBK,449.0,66.82
TechTrendz Heavy Duty Milatry Grade Drop Protection Cover for iPhone 17 Pro Corner Protective Shockproof Bumper Case Compa...,299.0,https://www.amazon.in/dp/B0FPCC31JF,1299.0,76.98
"Elzzi Translucent Matte Kickstand Compatible with Mag-Safe Case for iPhone 17, Built-in Adjustable Camera Stand, Magnetic ...",798.0,https://www.amazon.in/dp/B0FQ5KLWPB,1299.0,38.57
TechTrendz Heavy Duty Milatry Grade Drop Protection Cover for iPhone 17 Corner Protective Shockproof Bumper Case Compatibl...,299.0,https://www.amazon.in/dp/B0FPCC62VP,1299.0,76.98
Kapa Noble Slim Magnetic Leather Flip Case Cover for Apple iPhone 17 | Card Holder Stand Flip Wallet Case (Black),569.0,https://www.amazon.in/dp/B0FMXKWMPR,990.0,42.53
Oncraves Octagon AR + AF Camera Lens Protector for iPhone 17 Pro | Silver.,249.0,https://www.amazon.in/dp/B0FRN6YHM2,,
VURIOZZ Back Cover for iPhone 17 Pro Max Liquid Shock Proof Protective Silicone Case Cover (Brown),789.0,https://www.amazon.in/dp/B0FR2MPD35,999.0,21.02
Kapa Hawkeye Clear Back Cover for Apple iPhone 16 | Camera Lens Protector Shockproof Slim Clear Case Cover (Blue Sides),149.0,https://www.amazon.in/dp/B0F32PH6QG,990.0,84.95
"AIBEX Clear Mag-Saf Case for iPhone 17-1,500 G Strong Magnetic Lock, Crystal-Clear Anti-Yellowing Back | Military-Grade Dr...",254.0,https://www.amazon.in/dp/B0FNWPCMN8,1199.0,78.82
amazon basics Tempered Glass Screen Protector Compatible with iPhone 17 Transparent Protective Film [Mat Finish],199.0,https://www.amazon.in/dp/B0FPWF2R21,499.0,60.12
WeConnect Care 1 Year Premium Extended Warranty Plan for Apple iPhone 15 Price Rs.55001 to Rs.70000 (E Mail Delivery) iPho...,3199.0,https://www.amazon.in/dp/B0CJ382RR9,6599.0,51.52
RAEGR Case | Anodized Aluminum Bumper | Compatible with iPhone 17 Pro Max (2025) | Supports Mag-Safe Wireless Charging | E...,1199.0,https://www.amazon.in/dp/B0FNJJPLF8,119900.0,99.0
"Urban Armor Gear UAG Plyo Mag-Safe Compatible, Rugged Slim Anti-Yellowing Transparent Clear Shockproof Military Grade Prot...",4499.0,https://www.amazon.in/dp/B0FH4Y4JPG,5999.0,25.0
"Glitter Phone Cases with Crystal Butterfly Design, Rhinestone Decorated, Multiple Colors, Compatible with iPhone 17 Series...",799.0,https://www.amazon.in/dp/B0FS1PBHQ6,1899.0,57.93
Choiche Camera Lens Protector Compatible for iPhone 17 Pro / 17 Pro Max / 16 Pro / 16 Pro Max / 15 Pro / 15 Pro Max / 14 P...,499.0,https://www.amazon.in/dp/B0FRNFZFX5,999.0,50.05
"elago Compatible with iPhone 16 Pro Case, Premium Liquid Silicone Case, Full Body Protective Cover, Shockproof, Slim Phone...",1017.0,https://www.amazon.in/dp/B0D7G84PZC,1499.0,32.15
amazon basics Camera Glass Lens Protector Ring for iPhone 17 Pro Case Friendly with Edge to Edge Coverage and Easy Install...,149.0,https://www.amazon.in/dp/B0FPWQ6TM6,449.0,66.82
TORRAS for iPhone 17 Pro Screen Protector | Mil-Grade Shatterproof Screen Guard | 9H+ Aerospace Tempered Glass | Anti-Scra...,2049.0,https://www.amazon.in/dp/B0FGDHFN7T,6099.0,66.4
"KEKBOXQ for iPhone 17 Pro Max Magnetic Case with Built-in Privacy Screen Protector,Compatible with MagSafe,360° Full Body ...",6766.0,https://www.amazon.in/dp/B0FK2JDCQ8,9766.0,30.72
"VONZEE Electroplating Transparent Clear Logo Cover for iPhone 17 Air Case, Compatible with Magsafe, Full Body & Individual...",399.0,https://www.amazon.in/dp/B0FPWZCRPZ,899.0,55.62
TORRAS for iPhone 17 Pro Max Screen Protector | Mil-Grade Shatterproof Screen Guard | 9H+ Aerospace Tempered Glass | Anti-...,2049.0,https://www.amazon.in/dp/B0FGDLHTQ7,6099.0,66.4
Spigen Ultra Hybrid S MagFit Back Cover Case Compatible with iPhone 17 Pro Max (TPU + Poly Carbonate | Clear White),2279.0,https://www.amazon.in/dp/B0FD2D52VV,4099.0,44.4
"FKU Phone Controller for iPhone 15/16 Series & Android (USB-C), Mobile Gaming Controller with Hall Effect Joysticks/Hall T...",2700.0,https://www.amazon.in/dp/B0DRD49NNP,6999.0,61.42
"CLITZ [Aerospace Materials, Original Reproduction Camera Film, For Iphone 17 Pro Max, 17 Pro Tempered Glass, Black Edging,...",349.0,https://www.amazon.in/dp/B0FRB42LHK,34900.0,99.0
"JETech Privacy Screen Protector for iPhone 13 Pro Max 6.7-Inch, Anti Spy Tempered Glass Film, 2-Pack",499.0,https://www.amazon.in/dp/B09BZ9FY1N,1299.0,61.59
"CusPra for iPhone 17 Pro Holster Case with Belt Clip & Kickstand, 2-in-1Rugged Bumper Cover Full-Body Military Grade Prote...",5040.0,https://www.amazon.in/dp/B0FK9JFMMB,8040.0,37.31
"E-Sell Enterprise, YoungKit Starship Series Cyberpunk 360° Rotation Ring Stand Magnetic Safe Holder Case for Apple iPhone ...",3299.0,https://www.amazon.in/dp/B0FRZB66QK,5999.0,45.01
"Elzzi Translucent Matte Kickstand Compatible with Mag-Safe Case for iPhone 17 Pro, Built-in Adjustable Camera Stand, Magne...",798.0,https://www.amazon.in/dp/B0FQ5M93GT,1299.0,38.57
CASEGEAR Impact Pro Screen Protector Compatible With iPhone 17 | Unbreakable Protection | Complete Coverage Tempered Glass...,969.0,https://www.amazon.in/dp/B0FQ554XPZ,1499.0,35.36
"Nilkin® Classic Series Compatible for iPhone 17 Pro Case with Camera Cover, [Camera Lens Protector] [Scratch-Resistant] [3...",949.0,https://www.amazon.in/dp/B0FRYB8RQ5,94900.0,99.0
SPRIG Clear Arrow Applicator Tempered Glass iPhone 15,672.0,https://www.amazon.in/dp/B0CQK124RD,1799.0,62.65
Podick Lens Cover for iPhone 15Pro/15 Pro Max Camera Film Aluminum Alloy 9H Tempered Glass Anti-Scratch Lens Protection Sh...,299.0,https://www.amazon.in/dp/B0CH7TGHTT,999.0,70.07
"KoverX Clear Transparent Back Case Compatible with iPhone 17 Pro | Anti-Yellowing Slim Fit, Shockproof Camera Protection, ...",519.0,https://www.amazon.in/dp/B0FRMYVK7R,999.0,48.05
DABEN SnapFit Tempered Glass Screen Protector Guard for iPhone 17/16 Pro - 1 Pack,499.0,https://www.amazon.in/dp/B0FRSYQ4F2,1999.0,75.04
"Nillkin CamShield Pro Compatible with iPhone 17 Pro Max,Compatible MagSafe,Case with Camera Cover,Magnetic 17 Pro Max 5G C...",1999.0,https://www.amazon.in/dp/B0FJRP9C8N,5999.0,66.68
Spigen Ultra Hybrid T MagFit Back Cover Case Compatible with iPhone 17 Pro (TPU + Poly Carbonate | Matte Blue),1899.0,https://www.amazon.in/dp/B0FH5V4RL6,3299.0,42.44
M Cart Silicone Material Back Case Cover Compatible for iPhone 15 Pro Cover iPhone 15 Pro Case - 6.1 inch 2023 Release (Bl...,199.0,https://www.amazon.in/dp/B0CJ2K7S48,999.0,80.08
Oncraves Camera Lens Rings Glass Metal Lens Protector for iPhone 17 | AR - AF Tempered | Green,299.0,https://www.amazon.in/dp/B0FQW35MSW,,
Cubix Flip Cover for iPhone 17 Pro Max Case Leather Wallet Cover with Kickstand Card Slots Magnetic Closure (Black),1299.0,https://www.amazon.in/dp/B0FRMYSPWG,3000.0,56.7
"Gadgets Protector Self-Healing Screen Protector for Apple iPhone Air, Invisible Bubble-Free Protection - With Easy Install...",460.0,https://www.amazon.in/dp/B0FR9RNXL5,1498.0,69.29
Kapa Noble Slim Magnetic Leather Flip Case Cover for Apple iPhone 17 | Card Holder Stand Flip Wallet Case (Blue),569.0,https://www.amazon.in/dp/B0FMXV5LGM,990.0,42.53
"VONZEE for iPhone 17 Air Case, Compatible with MagSafe, Military-Grade Protective Case, Built-in Stash Stand Phone Case, S...",399.0,https://www.amazon.in/dp/B0FPFZ9H6H,899.0,55.62
"Prolet Anti-Slip Side Grip Premium Magnetic Back Case for iPhone 16, Built-in Camera Stand, Compatible with Magsafe, Slim ...",699.0,https://www.amazon.in/dp/B0FRMVYSDZ,,
"Humble 120W 4 in 1 Fast Car Charger with 2 Retractable Cable (Type C & iPhone), 1 USB & 1 Type C Port- Universal Car Charg...",799.0,https://www.amazon.in/dp/B0FR4K11TR,2999.0,73.36
Cubix Flip Cover for iPhone 17 Case Leather Wallet Cover with Kickstand Card Slots Magnetic Closure (Brown),1299.0,https://www.amazon.in/dp/B0FRMXX7VB,3000.0,56.7
"Sandstone Magnetic Flip Cover for iPhone 17 Pro Max Wallet Case with Card Slot, Kickstand, Book Design [Shockproof TPU Int...",1299.0,https://www.amazon.in/dp/B0FRSJGT8H,3000.0,56.7
"JETech Magnetic Cover Case for iPhone 15 6.1-Inch Compatible with MagSafe Wireless Charging, Shockproof Phone Bumper Cove...",399.0,https://www.amazon.in/dp/B0CCKXLZHS,999.0,60.06
"JETech TPU+PC Magnetic Cover Case For iPhone 15 6.1-Inch Compatible With Magsafe, Translucent Matte Back Slim Shockproof C...",1299.0,https://www.amazon.in/dp/B0CJHQ8V6M,1699.0,23.54
SHOPHOOD Earbuds Pro2 for iPhone 16 Pro with (C-Type) Charging Case (White) TWS in-Ear Earphone | Earbuds True Wireless in...,1099.0,https://www.amazon.in/dp/B0FR8W48LG,4999.0,78.02
"Spigen Ultra Hybrid (MagFit+) Magnetic Card Holder up to 3 Cards, Designed for Galaxy S25 Series Magnetic Case Only and iP...",1899.0,https://www.amazon.in/dp/B0DNH54TGR,3699.0,48.66
"VONZEE Electroplating Transparent Clear Logo Cover for iPhone 17 Case, Compatible with Magsafe, Full Body & Individual Cam...",399.0,https://www.amazon.in/dp/B0FPWZ4MLP,899.0,55.62
amazon basics Premium Matt Tempered Glass Screen Protector Guard Compatible for iPhone 17 Air (Pack of 1) Full Edge to Edg...,199.0,https://www.amazon.in/dp/B0FR963739,499.0,60.12
Plus Clear Soft TPU Back Cover Best Camera Protection for Apple iPhone 17 Pro Max,149.0,https://www.amazon.in/dp/B0FRNLN59V,499.0,70.14
"GEARZTOUCH Oasis ISHOT Wired Earphone with Powerful HD Mic for Clear Sound, in-Line Volume Controller Compatible with iPho...",469.0,https://www.amazon.in/dp/B0FP5K1GQC,1499.0,68.71
"MARKILL Compatible with iPhone Case with Ring Stand, Military Grade Drop Protection Full Body Rugged Heavy Duty Protective...",1560.0,https://www.amazon.in/dp/B0CDRQW78J,156000.0,99.0
Ringke Fusion-X Compatible with iPhone 17 Air Case Back Cover Transparent Hard Back Soft Flexible TPU Bumper Scratch Resis...,1199.0,https://www.amazon.in/dp/B0FL891K93,2099.0,42.88
KARTRAY Clear Unbreakable Scratch Gaurd Hydrogel Membrane for Apple iPhone 17 With Edge to Edge Coverage and Easy Installa...,229.0,https://www.amazon.in/dp/B0FRN6ZF4R,999.0,77.08
TECHO Privacy Screen Protector Compatible with iPhone 12 Mini Anti Spy Tempered Glass Film (Edge to Edge Full Coverage) (C...,141.0,https://www.amazon.in/dp/B08P19N5Z1,999.0,85.89
OpenTech® Premium Camera Lens Protector Tempered Glass Compatible For iPhone 17 Pro With Edge To Edge Coverage (Full Trans...,149.0,https://www.amazon.in/dp/B0FP53Q4XQ,999.0,85.09
amazon basics Tempered Glass Screen Protector Compatible with iPhone 17 Air Transparent Protective Film [Clear HD],199.0,https://www.amazon.in/dp/B0FPWT2BPM,499.0,60.12
Apple iPhone 16 Plus Silicone Case with MagSafe - Star Fruit ​​​​​​​,4165.0,https://www.amazon.in/dp/B0DGHJLC44,4900.0,15.0
AIBEX Back Cover for iPhone 15| Frosted Matte Finish | Slim Protective Case with Mag-Saf Support | Shockproof | Anti-Scrat...,199.0,https://www.amazon.in/dp/B0FPXQLTNC,1199.0,83.4
Kratos® 20W Fast Charger for iPhone 16/15/14/13/12/11 Series | 1M Type C to Lightning Cable + 1M Nylon Braided Type C to C...,629.0,https://www.amazon.in/dp/B0FDKKSSLG,62900.0,99.0
DARKFIT Back Case Cover Compatible for iPhone 12 Mini | Cute Fun Cartoon 3D Ball Coffee Silicone Case | Camera Protection...,239.0,https://www.amazon.in/dp/B0DB8SHMKR,799.0,70.09
"BOVTY Omnidirectional Lavalier Wireless Microphone for Type-C Android & iPhones, Noise Reduction Lapel Mic for Youtubers, ...",847.0,https://www.amazon.in/dp/B0FKBHBNM1,3399.0,75.08
"KAPAVER GPS Edition Back Cover Case Compatible with MagSafe, Magnetic Case for iPhone 16 (Mumbai)",879.0,https://www.amazon.in/dp/B0DNK7SK39,2199.0,60.03
"MAHIX TITANIUM Camera Lens Protector fOr IPHONE 17 (PURPLE) UHD 9H Glass, Anti Drop, Scretch Resistant, Case Friendly, Pre...",269.0,https://www.amazon.in/dp/B0FPR8S4LF,999.0,73.07
"Samsung Galaxy M05 (Mint Green, 4GB RAM, 64 GB Storage) | 50MP Dual Camera | Bigger 6.7"" HD+ Display | 5000mAh Battery | 2...",6249.0,https://www.amazon.in/dp/B0DFY3XCB6,9999.0,37.5
amazon basics Clear Magnetic Case Cover for iPhone 17 Pro [Compatible with MagSafe Accessories] Slim Shockproof Magnetic T...,199.0,https://www.amazon.in/dp/B0FPX2YPY6,499.0,60.12
Spigen Neo Hybrid Back Cover Case for iPhone 12 Pro | 12 (TPU + Poly Carbonate | Red),974.0,https://www.amazon.in/dp/B08KRNCDSX,3099.0,68.57
"Urban Armor Gear UAG Glass Shield Custom Screen Protector, Double-Strengthened Tempered Glass Anti-fingerprint HD Clarity ...",1699.0,https://www.amazon.in/dp/B0FNMBDJCB,3999.0,57.51
Ringke Air Compatible with iPhone Air Case [Flexible TPU] Ultra Thin Lightweight Protective Cover - Clear,974.0,https://www.amazon.in/dp/B0FL888KQG,1799.0,45.86
Spigen Classic C1 MagFit Back Cover Case Compatible with iPhone 15 Pro (TPU + Poly Carbonate | Bondi Blue),2650.0,https://www.amazon.in/dp/B0C5S8PGSQ,4599.0,42.38
Ringke Onyx Magnetic Compatible with iPhone 17 Pro Max Case Back Cover [Strong Magnet] Military-Grade Protection TPU Shock...,1499.0,https://www.amazon.in/dp/B0FL8NNMF3,2799.0,46.45
"VONZEE® Clear Logo Electroplating Transparent Case for iPhone 14 Case 6.1 inch 2022, Luxury Electroplated TPU Cover, Indiv...",280.0,https://www.amazon.in/dp/B0BJDZHGH6,899.0,68.85
MOOSH Commuter Series for iPhone 12/ iPhone 12 PRO Case Clear Back 10FT Drop Tested Scratch-Resistant Raised Edges Replace...,261.0,https://www.amazon.in/dp/B09RW7WRFY,2499.0,89.56
Elzzi Liquid Silicone Cover Compatible with iPhone 14 Pro Case (6.1 inch) 3 Layer Microfiber Lining Covers Phone Cases Ful...,280.0,https://www.amazon.in/dp/B0C3DCZXQN,899.0,68.85
Prolet Cute 3D Bow Design Case Cover for iPhone Adapter Compatible with 18W and 20W Charger Only 360° Full Protection Sili...,177.0,https://www.amazon.in/dp/B0DTPKWG4T,999.0,82.28
"Spigen Cyrill Classic Charm Mag for iPhone 14 Case, Faux Leather Crossbody Strap iPhone 14 Back Cover - Black Mag",1399.0,https://www.amazon.in/dp/B0F1RMRPBL,2399.0,41.68
TOUCCH iPhone 12/12 Pro Magnetic Matte Case | Shock Proof & Paper Thin Design | Magsafe Wireless Charging Cover for Apple ...,209.0,https://www.amazon.in/dp/B0FFK8RNTN,999.0,79.08
Spigen Ultra Hybrid MagFit Back Cover Case Compatible with iPhone 16 (TPU + Poly Carbonate | Black),1439.0,https://www.amazon.in/dp/B0D226HJ7X,2799.0,48.59
Salvodor Military Grade Shatterproof Gorilla Tempered Glass Compatible For iPhone XR/11 Privacy Coverage With Easy Install...,149.0,https://www.amazon.in/dp/B0FHX3F75P,499.0,70.14
"Samsung Galaxy S25 5G Smartphone with Galaxy AI (Mint, 12GB RAM, 256GB Storage), Snapdragon 8 Elite, 50 MP Camera with Pro...",74999.0,https://www.amazon.in/dp/B0DSKKGS1Y,80999.0,7.41
elago Magnetic Silicone Case Compatible with iPhone 16 Pro Max Case 6.9 Inch Compatible with All MagSafe Accessories - Bui...,1330.0,https://www.amazon.in/dp/B0D7H1XXZT,1999.0,33.47
FabeKee UV Tempered Glass Screen Protector Compatible for | Front And Back Screen Guard With camera lens protector 3 in 1...,299.0,https://www.amazon.in/dp/B0DHNXNL8M,1499.0,80.05
amazon basics Camera Glass Lens Protector Ring for iPhone 17 Pro Case Friendly with Edge to Edge Coverage and Easy Install...,149.0,https://www.amazon.in/dp/B0FPWLP43B,449.0,66.82
elago Magnetic Silicone Case Compatible with iPhone 16 Pro Max Case 6.9 Inch Compatible with All MagSafe Accessories - Bui...,1330.0,https://www.amazon.in/dp/B0D7H4QVMN,1999.0,33.47
"ESR for iPhone 16 Case, Compatible with MagSafe, Shockof Military-Grade tection, TPU, Magnetic Phone Case for iPhone 16, C...",1263.0,https://www.amazon.in/dp/B0D792C6V5,2099.0,39.83
"SUPCASE Unicorn Beetle Pro Mag Case for iPhone 15 Pro Max 6.7"", Compatible with MagSafe Full Body Rugged Case with Built-i...",2707.0,https://www.amazon.in/dp/B0CLRVTVDR,270700.0,99.0
"ESR for iPhone 16 Case, Compatible with MagSafe, Shockof Military-Grade tection, TPU, Magnetic Phone Case for iPhone 16, C...",1263.0,https://www.amazon.in/dp/B0D7942SR2,2099.0,39.83
