title,discounted_price,mrp,discount_pct,link
"Sponsored Ad - EPOS Impact 860 - High-Efficiency Double-Sided Headset for Enhanced Open Office Productivity, Superior Soun...",8065,,,https://www.amazon.in/dp/B0CTKRCTX8
"Sponsored Ad - Honeywell Surge Protector, 4 Universal Sockets,15000Amp, 2 Meter Cord, Device Secure Warranty, Automatic Ov...",949,,,https://www.amazon.in/dp/B07PRKCRQV
"GLUN® Electronic Portable Digital LED Screen Luggage Weighing Scale, 50 kg/110 Lb For Multi-Purpose Use.",198,,,https://www.amazon.in/dp/B07PK41FL4
"rts Universal Travel Adapter, International All in One Worldwide Travel Adapter and Wall Charger with USB Ports with Multi...",525,,,https://www.amazon.in/dp/B082WYMTWF
"HP H150 Wireless Earbuds, Compatible with Tablets, Smartphones, PCs, and Other Devices with Bluetooth,Noise-Reduction,Wate...",499,,,https://www.amazon.in/dp/B0D6NMXQ2V
"Portronics Snapcase 3 60W Multifunctional Fast Charging Data Cable Kit, Conversion Set USB A & Type C to Male Micro/Type ...",289,,,https://www.amazon.in/dp/B0DTPGC83R
"Sony WH-CH520 Wireless Bluetooth Headphones On Ear with Mic, Up to 50Hrs Battery, Quick Charge, DSEE Upscale, Multipoint C...",3990,,,https://www.amazon.in/dp/B0BS1PRC4L
"Portronics Beem 440 Smart LED Projector with 720p HD Resolution, Rotatable Design, Built-in Streaming Apps (Netflix, Prime...",4740,,,https://www.amazon.in/dp/B0CQG7XMXC
"boAt Airdopes 311 Pro, 50HRS Battery, Fast Charge, Dual Mics ENx Tech, Transparent LID, Low Latency, IPX4, IWP Tech, v5.3 ...",799,,,https://www.amazon.in/dp/B0CZ417B2Q
"Samsung Galaxy M05 (Mint Green, 4GB RAM, 64 GB Storage) | 50MP Dual Camera | Bigger 6.7"" HD+ Display | 5000mAh Battery | 2...",6249,,,https://www.amazon.in/dp/B0DFY3XCB6
Sponsored Ad - CP PLUS CarKam Car Dashcam with 1080p Full Hd Resolution | Wide View Angle | Supports G Sensor | Supports N...,1899,,,https://www.amazon.in/dp/B0CVGTJTW9
Sponsored Ad - FidgetGear Programming Cable for USB RS232 Allen Bradley 1747-CP3 1761-CBL-PM02 PLC kit AB,6500,,,https://www.amazon.in/dp/B07SW425B2
"Portronics Snapcase 2 60W Multifunctional Fast Charging Data Cable Kit With Retractable Cable, Conversion Set USB A & Type...",429,,,https://www.amazon.in/dp/B0DPX6M4L5
DDN_R_ Foot Scrubber for Dead Skin | Callus Remover For Feet Electronic with 2 Interchangeable Head Rollers | Rechargeable...,399,,,https://www.amazon.in/dp/B0FM8JP9T3
"Portronics MODESK Universal Mobile Holder Stand with Metal Body, Anti Skid Design, Light Weight for All Smartphones, Table...",119,,,https://www.amazon.in/dp/B07N8RQ6W7
GLUN® Multiuse Finger Counter Portable Hand Finger Counting Machine Digital Head Electronic Tally Counter Pack of 3,128,,,https://www.amazon.in/dp/B0BYDVM1F8
"COOLCOLD 115-in-1 Precision Screwdriver Set – Magnetic Electronics Repair Tool Kit with Case for Laptop, PC, iPhone, Watc...",519,,,https://www.amazon.in/dp/B0CCPD3XZR
"Careflection Electronics Accessories Organizer Bag, Universal Carry Travel Gadget Bag for Cables, Plug and More, Perfect S...",249,,,https://www.amazon.in/dp/B0CC2956ND
"AGARO Callus Remover with 3 Interchangeable Head Rollers, Electronic Foot Scrubber For Callus & Dead Skin Removal, Pedicur...",699,,,https://www.amazon.in/dp/B0CR3XND7W
THEMISTO - built with passion Themisto Beginners 8 In 1 Corded_electric Soldering Iron Kit,246,,,https://www.amazon.in/dp/B07PM6134P
Sponsored Ad - USB-MPI For Siemens S7-200/300/400 USB MPI/PPI/DP/PROFIBUS PLC RS485 Profibus PC Adapter 9pin Communication...,6999,,,https://www.amazon.in/dp/B08BHN5PKG
"Sponsored Ad - DailyObjects Leather Large Travel Digital Electronic Accessories Storage Bag,Portable Gadget Organizer Cas...",1799,,,https://www.amazon.in/dp/B0C81C878H
"Sponsored Ad - Ambrane 33W Fast Charging MultiPort Adapter with Universal 2500W AC Socket, Supports MacBook Air/Type C Lap...",899,,,https://www.amazon.in/dp/B0FLXPFTM7
"Sponsored Ad - Ambrane 45W Universal Charger Adapter, Supports Laptop Charging: MacBook & Type C Laptop, 3X, 1x USB, 2500W...",1699,,,https://www.amazon.in/dp/B0FG7PZBMH
SaleOn Cable Organizer Case Bag – Electronics Accessories Travel Gadget Bag & Hard Disk Bag – Water-Resistant Portable Sto...,404,,,https://www.amazon.in/dp/B0DLBRVQCC
"GoTrippin by Destinio Weight Machine for Luggage - 50 kg capacity, Steel body, Lifetime replacement - Digital Portable Ele...",599,,,https://www.amazon.in/dp/B07Q822CWX
HUMBLE 7-in-1 Multifunctional Electronic Cleaner Kit | Keyboard Cleaner Kit | Cleaning Kit for Airpods & Laptop | Screen D...,229,,,https://www.amazon.in/dp/B0DC6TPF9G
"E GATE Atom 3X | Real Full HD 1080p Native, 13.0 Automatic Android Projector | 300 ISO | Rotatable Design | 4K HDR Support...",5990,,,https://www.amazon.in/dp/B0F6K264BY
Zodo 8. 5 inch LCD E-Writer Electronic Writing Pad/Tablet Drawing Board (Paperless Memo Digital Tablet),170,,,https://www.amazon.in/dp/B07PLHTTB4
Electronic Spices AC DC 220V 10A Auto On Off Day/Night Photocell SensorPhotocell Light Switch Photoswitch Light Sensor Swi...,166,,,https://www.amazon.in/dp/B09TT7VZQG
"Sulfar Screwdriver Set, Steel 31 in 1 with 30 Screwdriver Bits, Professional Magnetic Driver Set, for PC/Household/Furnitu...",179,,,https://www.amazon.in/dp/B09BZ6PX7K
Electronic Spices 100pcs Cable Connectors 2 Pins Electrical Push Type Cable Connectors Quick Splice Lock Wire Terminal 220...,238,,,https://www.amazon.in/dp/B09B4ZX8GG
Sponsored Ad - PLAY 2024 Android 9 Full HD 3D 1+8GB Appealing Style LED Projector For Home Cinema HDMI / USB/ Audio Out/Bl...,13999,,,https://www.amazon.in/dp/B0CKTYPRB3
"Sponsored Ad - PLAY MAC Pro UHD Smart Home LCD LED Certified Google Tv Projector, 2500 ANSI Lumens, 4k Projector with Andr...",34999,,,https://www.amazon.in/dp/B0F2HRBYB9
CARESMITH Bloom Callus Remover For Feet Electronic | Foot Scrubber For Dead Skin | 3 Crystal Quartz Heads Suitable For Dea...,799,,,https://www.amazon.in/dp/B0DMP3Q3JX
"Electrobot Starter Kit (70 ITEMS) 20+ DIY Projects with Electronics Components Breadboard, LEDs, Resistors, Switches etc",284,,,https://www.amazon.in/dp/B0CX5HY9N1
"WZATCO Yuva Go Android 13.0 Smart Projector, 1080P & 4K Support, Rotatable Design, Auto & 4D Keystone with Netflix, Prime ...",5290,,,https://www.amazon.in/dp/B0D6N9NHLD
"Noise Pulse Go Buzz Smart Watch with Advanced Bluetooth Calling, 1.69"" TFT Display, SpO2, 100 Sports Mode with Auto Detect...",999,,,https://www.amazon.in/dp/B0B5LW5DFQ
"ATOM® 50kg Digital Luggage Weighing Scale. Portable Electronic Weight Machine for Travel & Flights. LCD Display. Accurate,...",187,,,https://www.amazon.in/dp/B083C76NYD
Electronic spices Heavy Duty 30W Pencil Type soldering Iron Copper Tip With long PVC Wire 230V,153,,,https://www.amazon.in/dp/B08JCR3S3S
"pTron Newly Launched Fusion Tunes 10W Mini Bluetooth Speaker with Wireless Karaoke Mic, 8Hrs Playtime, Vivid RGB Lights, V...",798,,,https://www.amazon.in/dp/B0D772K8X8
"Fire-Boltt Ninja Call Pro Plus Smart Watch 1.83” HD Display, Bluetooth Calling, AI Voice Assistant, 100 Sports Modes, IP67...",999,,,https://www.amazon.in/dp/B0BF57RN3K
Sponsored Ad - reMarkable Paper Pro Premium Leather Book Folio for Your 11.8'' Paper Tablet Brown Leather,23999,,,https://www.amazon.in/dp/B0DM6QM45Q
"Sponsored Ad - boAt Universal Adapter C10 Compatible with US, UK, EU & AU Plug Types, Two USB Ports with 10W Max Support, ...",599,,,https://www.amazon.in/dp/B0FFMXM58D
"Sponsored Ad - Ambrane 33W Fast Charging MultiPort Adapter with Universal 2500W AC Socket, Supports MacBook Air/Type C Lap...",899,,,https://www.amazon.in/dp/B0FLXM3DS6
"Sponsored Ad - Ceptics Universal Charger Adapter, 3 in 1 Universal Travel Adapter All in One, Universal Travel Accessories...",499,,,https://www.amazon.in/dp/B0CN3HKN1J
"LIRAMARK Mobile Phone Charging Stand, Storage Holder, Bedside Fixed Rack, Home Organization and Storage Supplies, Bedroom ...",99,,,https://www.amazon.in/dp/B0BQMJZZNM
"Portronics Ruffpad 8.5M Multicolor LCD Writing Pad with Screen 21.5cm (8.5-inch) for Drawing, Playing, Handwriting Gifts f...",193,,,https://www.amazon.in/dp/B09GFN8WZL
"Amazon Echo Show 8 (2nd Gen) - Smart speaker with 8"" HD screen, stereo sound & hands-free entertainment with Alexa (Black)",8999,,,https://www.amazon.in/dp/B084TNMLTB
"AptechDeals Mini LCD digital thermometer sensor wired for Room temperaure/fridges, Indoor Outdoor Portable Pocket LCD Elec...",132,,,https://www.amazon.in/dp/B07FFT49V4
Venus (India) Electronic Digital Personal Bathroom Weight Machine for Body Weight upto 180 kg Weighing Scale with 24 Month...,449,,,https://www.amazon.in/dp/B08ZYNTJY9
Goldmedal Krysta 2 Pin Heavy-Duty 5-Meter Cable Extension Cord (White and Red)|Master Switch with Indicator|Universal Sock...,299,,,https://www.amazon.in/dp/B0BGZJWJMC
"SKADIOO Weight Machine for Luggage 50kg, Luggages Weighing Scale for Flights, Electronic Portable Fishing Hook Type with D...",224,,,https://www.amazon.in/dp/B09BB59QW3
"Portronics Bridge Y USB 3.0 to Type C OTG Adaptor, 10Gbps High Speed Data Transfer, Thunderbolt to USB Adapter, Compatible...",119,,,https://www.amazon.in/dp/B0DH3J6LB9
"Sponsored Ad - DailyObjects Leather Large Travel Digital Electronic Accessories Storage Bag,Portable Gadget Organizer Cas...",1799,,,https://www.amazon.in/dp/B0C81CJ6X6
Sponsored Ad - DailyObjects Leather Travel Electronic Accessories Storage Bag | Portable Gadget Organizer Case | Tech Kit ...,999,,,https://www.amazon.in/dp/B0C81FJF42
"IRONFIX TechMate Gadget Organizer Case | Travel Electronics Accessories Bag for Charger, Cables, Power Bank, Earphones & H...",149,,,https://www.amazon.in/dp/B0DNTQB4N1
"Havells Glamax 9W B22 WiFi LED Smart Bulb with Music Sync Function, Compatible with Amazon Alexa and Google Assistant (16M...",331,,,https://www.amazon.in/dp/B0D738FNB2
"OnePlus Nord Buds 3 Pro Truly Wireless Bluetooth in Ear Earbuds with Upto 49Db Active Noise Cancellation,12.4Mm Dynamic Dr...",2399,,,https://www.amazon.in/dp/B0D7HZ3KK9
"HUMBLE Microfiber Cleaning Cloth for Laptop Screens, Monitors, Keyboards, Phones, Cameras, Tablets, Sunglasses & More – So...",135,,,https://www.amazon.in/dp/B0FBK6C5JH
"Amazon Echo Dot (5th Gen) | Smart speaker with Bigger sound, Motion Detection, Temperature Sensor, Alexa and Bluetooth| Blue",4449,,,https://www.amazon.in/dp/B09B8XJDW5
"ZEBRONICS THUNDER Bluetooth 5.3 Wireless Headphones with 60H Backup, Gaming Mode, Dual Pairing, ENC, AUX, Micro SD, Voice ...",599,,,https://www.amazon.in/dp/B07L8KNP5F
"amazon basics ABS 2-in-1 Laptop and Mobile Stand, Ergonomic, Adjustable Height, Anti-Slip Base, Heat Dissipation, Portabl...",219,,,https://www.amazon.in/dp/B0BTNT8X6K
"Ultrasonic Pest Repeller, Silent Electronic Pest Repellent Plug in Indoor Pest Control, Insect Mosquito Killer Machine, Mo...",294,,,https://www.amazon.in/dp/B0F9Y7NN3Z
Sponsored Ad - DailyObjects Vault Tech Electronic Accessories Bag|Portable Gadget Organiser Case|Storage Organizer Bag for...,1749,,,https://www.amazon.in/dp/B0CRF46WKB
Sponsored Ad - Orei Universal Charger Adapter with Type C - 3 in 1 International Travel Adapter - Universal Travel Adapter...,748,,,https://www.amazon.in/dp/B0CN384B4S
Sponsored Ad - DailyObjects Large Travel Digital Electronic Accessories Storage Bag | Portable Gadget Organizer Case | Tec...,1799,,,https://www.amazon.in/dp/B0C81BWBNN
Sponsored Ad - DailyObjects Leather Travel Electronic Accessories Storage Bag | Portable Gadget Organizer Case | Tech Kit ...,999,,,https://www.amazon.in/dp/B0C81G92J9
"Portronics Ruffpad 8.5E Re-Writable LCD Writing Pad with Screen 21.5cm (8.5-inch) for Drawing, Playing, Handwriting Gifts ...",192,,,https://www.amazon.in/dp/B09GF6JBZN
A Handbook on Electronics Engineering,342,,,https://www.amazon.in/dp/9393165475
Shocknshop Digital Sports Stylish Multifunctional Electronic LED Black Dial Wrist Watch for Men Boys -WCH78,422,,,https://www.amazon.in/dp/B0BW3RBC3K
"Portronics Power Plate 10 Extension Board with 4 Universal Sockets, 3 Meter Long Cord, 1500 Watts, 6 Amp Multi Plug for Of...",289,,,https://www.amazon.in/dp/B0B2WQFHB2
"ELECTRONIC DEVICES AND CIRCUIT THEORY, 11TH EDN",771,,,https://www.amazon.in/dp/9332542600
GKP ISRO Electronics Engineering 2025 | For Scientist & Engineer ISRO Exam Preparation | 16 Previous Years Solved Papers 2...,260,,,https://www.amazon.in/dp/9356816352
"OnePlus Bullets Wireless Z2 ANC Bluetooth in Ear Earphones with Mic, 45dB Hybrid ANC, Bombastic Bass - 12.4 mm Drivers, 10...",1699,,,https://www.amazon.in/dp/B0CBTTCJL6
"Ambrane 65W Charger Adapter, 3 Ports - 2 Type C & 1 USB for Samsung, Type C Laptops: MacBook, Dell, HP, ASUS, Fast Charger...",1699,,,https://www.amazon.in/dp/B0CHJ3X3VM
Sponsored Ad - E GATE Atom 4X+ Fully Automatic Projector 4k Ultra HD | Whale TV+ Live TV on Android | Brightest 400 ISO | ...,7990,,,https://www.amazon.in/dp/B0FGY9P9CP
Sponsored Ad - Ceptics 6-in-1 Universal Travel Adapter – 35W International Charger with 4 USB-C (1 PD 35W Port) & 1 USB-A ...,2199,,,https://www.amazon.in/dp/B0F1Y4Q3VQ
Taparia MDTN82 Plastic Digital Tester with LCD Display and Neon Bulb (Black),137,,,https://www.amazon.in/dp/B01LQWN0NE
"International Eco Friendly Electronic LED Mosquito Killer Machine Trap Lamp, Theory Screen Protector Mosquito Killer lamp ...",299,,,https://www.amazon.in/dp/B0FJ2MMBNQ
"Sounce 10 in 1 Cleaning Kit Computer Screen Brush Tool, Multi-Function Electronic Cleaner Spray for Screen, PCs, Monitors,...",309,,,https://www.amazon.in/dp/B0CV81G8PK
"GM 3060 Extension Board 10Amp Output 250 Volts with 2 Mtr Extension Cord & Surge Protector | Master Switch, Safety Shutte...",389,,,https://www.amazon.in/dp/B008XT42JU
"Basesailor 120W 4 In 1 Multi Function Braided Fast Charging Cable With Lightning To USB-C,Type C-C,Ligthning To USB,Milita...",569,,,https://www.amazon.in/dp/B0F8JFMTF1
"KMJSA - Electronic Portable Digital LED Screen Luggage Weighing Scale, 50 kg/110 Lb For Multi-Purpose Use.",189,,,https://www.amazon.in/dp/B0FJ6L7H1D
Amazon Basics Digital Portable Electronic Luggage Weighing Scale | 50 kg Capacity | Steel Body | Lifetime Replacement | fo...,499,,,https://www.amazon.in/dp/B0CXT2L4S5
Introduction to Electrical and Electronics Engineering (Electronics),195,,,https://www.amazon.in/dp/B0DJBG9XWW
"Sponsored Ad - Ceptics 3 in 1 Universal Charger Adapter – Universal Travel Adapter All in One with 2 USB-A Ports (2.4A), 1...",683,,,https://www.amazon.in/dp/B0F1Y5PNCZ
"Sponsored Ad - E GATE Atom 2X Smart Projector, 13.0 Android embeded on 950S Chip, 200 ISO, 1080p & 4K Support, Automatic &...",4490,,,https://www.amazon.in/dp/B0F6C9TYF6
Sponsored Ad - Onsitego 2 Years Extended Warranty for TVs from Rs. 55001 to Rs. 70000 (Email Delivery in 2 Hours),6495,,,https://www.amazon.in/dp/B00TY8OKJQ
Sponsored Ad - Onsitego 1 Year Extended Warranty for TVs (Rs.75001 to 85000) Email Delivery,7819,,,https://www.amazon.in/dp/B09V7L5W8W
"Virtutron Electronic Non-Bluetooth Universal Stylus Pen| High-Precision Digital Pencil| Compatible with iPhone, iPad, Sams...",799,,,https://www.amazon.in/dp/B0D5M4RHWG
"ELV Foldable, Portable, Tablet/Phone Stand. Compatible Phone Holder for iPhone, Android, Samsung, Oneplus, Xiaomi, Oppo, V...",119,,,https://www.amazon.in/dp/B0B5LR494N
"OnePlus Nord Buds 2r True Wireless in Ear Earbuds with Mic, 12.4mm Drivers, Playback:Upto 38hr case,4-Mic Design, IP55 Rat...",1399,,,https://www.amazon.in/dp/B0C8JB3G5W
Modern Digital Electronics | 5th Edition,725,,,https://www.amazon.in/dp/9355321775
Shocknshop Digital Sports Silicone Stylish Multifunctional Electronic LED Black Dial Wrist Watch for Men Boys -W79,404,,,https://www.amazon.in/dp/B0F94FDD4Y
"Portronics Trifusion 16W HD Sound Bluetooth Speaker with 15W Wireless Charging, 360°RGB LED Lights, Digital Clock with Ala...",2000,,,https://www.amazon.in/dp/B0DJ33F2JQ
UrbanBite Weight Machine for Luggage 50kg Weighing Scale Electronic Portable Digital LED Screen Luggage Weight Scale for H...,213,,,https://www.amazon.in/dp/B0F26DY1PP
wipro Garnet 10W LED Bulb for Home & Office |Cool Day White (6500K) | B22 Base|220 degree Light coverage |4Kv Surge Protec...,226,,,https://www.amazon.in/dp/B07BZV2Q3L
Sponsored Ad - Onsitego 1 Year Extended Warranty for TVs (Rs.85001 to 100000) Email Delivery,9085,,,https://www.amazon.in/dp/B09V7NJVKR
Sponsored Ad - Onsitego 2 Years Extended Warranty for TVs from Rs. 26001 to Rs. 32000 (Email Delivery in 2 Hours),4139,,,https://www.amazon.in/dp/B00TY8OX4I
"Electronics For You magazine September 2025 - Where Are We Heading With AI, AGI, And ASI? [Paperback] Electronics For You",125,,,https://www.amazon.in/dp/B0FPXKY61V
"TOYTONIC Handheld Gaming Console for Kids & Adults | 520 Classic Built-in Games | Retro Video Game Player | Portable, Rech...",695,,,https://www.amazon.in/dp/B0DRSRVQ4C
"GOBOULT Z20 Pro Truly Wireless Bluetooth Ear Buds with 60 Hours Playtime, 4 Mics Clear Calling, 45ms Low Latency, Touch Co...",899,,,https://www.amazon.in/dp/B0D22SQY7D
"Sony WH-CH720N Active Noise Cancellation Wireless Bluetooth Over Ear Headphones with Mic, Adaptive Sound Control, Quick Ch...",7990,,,https://www.amazon.in/dp/B0BS1QCFHX
"Samsung Original 45W Type-C Travel Adaptor with Cable, Black",2639,,,https://www.amazon.in/dp/B0DB5RV1YQ
"SEZNIK Mini Printer, Wireless Monochrome Home Printers, Thermal, Bluetooth, Portable Pocket Printer, Compatible with Andro...",1929,,,https://www.amazon.in/dp/B0D1NNJWNN
Electronics: Fundamentals and Applications (TWO COLOUR EDITION),429,,,https://www.amazon.in/dp/9360740268
SPAREQUE callus remover for feet dead skin remover pedicure tools Callus Remover Hard and Dead Skin Remover Electric Foot ...,299,,,https://www.amazon.in/dp/B0F445PL2M
Sponsored Ad - Onsitego 1 Year Extended Warranty for TVs (Rs.55001 to 65000) Email Delivery,5865,,,https://www.amazon.in/dp/B09V7R5XYJ
Sponsored Ad - Onsitego 2 Years Extended Warranty for TVs from Rs. 1 to Rs. 18000 (Email Delivery in 2 Hours),1665,,,https://www.amazon.in/dp/B00TY8OGIQ
Sponsored Ad - DailyObjects Leather Travel Electronic Accessories Storage Bag | Portable Gadget Organizer Case | Tech Kit ...,1799,,,https://www.amazon.in/dp/B0C81BDKRK
"Sponsored Ad - E GATE Atom 2X Smart Android Projector, 200 ISO, 1080p & 4K Support, Automatic & 4D Keystone with Netflix, ...",4490,,,https://www.amazon.in/dp/B0FGP5FTXL
"ZDSSY Hy320 Mini Portable Projector-5G Wifi 6,Bluetooth 5.0 And Android 11,Support 4K And 1080P Full Hd,12,000 Lumens,Led ...",4130,,,https://www.amazon.in/dp/B0CRKS5L4N
"Cockatoo Luggage-Guard Luggage Weighing Scale With Led Screen, Electronic Portable Fishing Hook Type Weighing Scale, Limi...",279,,,https://www.amazon.in/dp/B0CHP5S6G3
GATE-2026: Electronics Engineering Previous Year Solved Papers,684,,,https://www.amazon.in/dp/9362025051
"Electronic Spices all Bright colour to colour LED 5mm (Light Emitting Diode) White,Green,Red,Yellow,Blue 4pcs each Pack of...",50,,,https://www.amazon.in/dp/B0B4K6D7S7
"Fire-Boltt Ninja Call Pro Max Smart Watch 2.01 inch Display, Bluetooth Calling, 120+ Sports Modes, Health Suite, Voice Ass...",1099,,,https://www.amazon.in/dp/B0C496V772
Elfora 2 in 1 Tablet Stylus Pen for All Touch Screens Devices | Fine Point Tip | High Sensitivity & Precision Capacitive P...,239,,,https://www.amazon.in/dp/B0DKXK3ZJX
"Kids Dukaan Electronic Portable Fishing Hook Type Digital LED Screen Luggage Weighing Scale, 50 kg/110 Lb (Black)",179,,,https://www.amazon.in/dp/B0F2NBRQKN
Amazon Basics Portable Digital Weighing Scale for Kitchen | Electronic Weighing Scale With Back light LCD Display and high...,249,,,https://www.amazon.in/dp/B0CQ8JVK2D
"Sponsored Ad - Ceptics Universal Travel Adapter with 20W USB-C, All in One Travel Accessories with 1 USB A (18W), 1 Type C...",1099,,,https://www.amazon.in/dp/B0F1Y88BQL
"Sponsored Ad - Ceptics 5 in 1 Universal Travel Adapter, Fast Charging with 2 USB-C 25W and 18W USB-A Port, All-in-One Inte...",1234,,,https://www.amazon.in/dp/B0F94J7TMK
Onsitego 1 Year Extended Warranty for Small Electric Appliances from Rs. 1501-2000 (Email Delivery - No Physical Kit),179,,,https://www.amazon.in/dp/B0BVQLZSTK
"Themisto TH-WS09 Digital Travel Luggage Scale, 50kg Capacity, Tare & Hold Functions, Silver",299,,,https://www.amazon.in/dp/B0DTDJM9PC
DIGITAL ELECTRONICS AND LOGIC DESIGN (GAEST305) KTU S3 2024 Scheme [Paperback] Marina Crompton and Kailas Sree Chandran,299,,,https://www.amazon.in/dp/9334322810
"Basic Electrical and Electronics Engineering, 2/e",571,,,https://www.amazon.in/dp/9332586500
"EUME Fixa 1 Compartment Electronic Accessories Wire Organizer Bag, Travel Gadget Storage Case for Earphone, Charger, USB,H...",926,,,https://www.amazon.in/dp/B0C2PYZHY3
Xtracover 2 Year Extended Warranty Plan for TV Rs. 20001 to 30000 (E-Mail Delivery),1749,,,https://www.amazon.in/dp/B0F9FN1ZDM
OneAssist 6 Months Extended Warranty Plan for Mobile Between INR 20001-25000(E-Mail Delivery Only),399,,,https://www.amazon.in/dp/B0CFFCR9VC
"GM 3 Pin 6 AMP Universal Multiplug Travel Adapter with 4 Charging Point | Useful for Home Applications, Mobiles, Computer...",189,,,https://www.amazon.in/dp/B0BZSQGFQ6
"Sponsored Ad - Punnkk Lumi Pro Fully Automatic Native 1080P Android 13, WiFi 6 & BT 5, Screen Mirroring Smart Projector, A...",9489,,,https://www.amazon.in/dp/B0FGXYGLXN
"Sponsored Ad - Ceptics 6 in 1 Universal Travel Adapter with Type C - Worldwide Travel Adapter, Universal Plug Socket, 3xUS...",1579,,,https://www.amazon.in/dp/B0D56Z8CYG
"Sponsored Ad - Tekne Spotfree Screen Cleaning Spray 200ml | Streak Free Anti Static Cleaner for Mobile Phone, Laptop, Tabl...",599,,,https://www.amazon.in/dp/B0FMRRG4J1
"Sponsored Ad - Stuffcool Chargeplug Mini Universal Multi Plug With 20W Gan Fast Charger,Dual Type-C PD,USB-A QC,6A Power S...",899,,,https://www.amazon.in/dp/B0FCSP3NLL
OneAssist 1 Year Extended Warranty Plan for Portable Bluetooth Speakers Between INR 10001-15000 (E-Mail Delivery),839,,,https://www.amazon.in/dp/B09QMND3DB
"Ambrane 45W Universal Charger Adapter, Supports Laptop Charging: MacBook & Type C Laptop, 3X, 1x USB, 2500W AC Socket, Int...",1699,,,https://www.amazon.in/dp/B0FG7PZBMH
Bajaj ATX 4 750 watts 2-Slice Pop-up Toaster | Dust Cover & Slide Out Crumb Tray | 6-Level Browning Controls | Mid-Cycle C...,1199,,,https://www.amazon.in/dp/B0073QGKAS
Multimeter Test meter Leads with Banana Plug Digital Clamp Tester voltmeter Probe Test Probes Leads for Multimeter Electro...,98,,,https://www.amazon.in/dp/B09SHLLKVN
Electronic Spices LM2596 Dc to Dc Buck Converter Adjustable Step Down Power Supply Module Pack of 1pcs,79,,,https://www.amazon.in/dp/B0BHNTGF23
Btag Portable Electronic Luggage Weighing Scale | 50kg/110Lb Digital Handheld Travel Weight Scale with LED Display | Compa...,365,,,https://www.amazon.in/dp/B0D8Y51P21
"pTron Bullet Pro 36W Type-C/PD 3 Port Fast Car Charger Adapter, Compatible with All Smartphones, Tablets & Other USB Power...",279,,,https://www.amazon.in/dp/B07WG8PDCW
"amazon basics Wall Mounted Mobile Holder Storage Case for Phones with Strong Adhesive Strips,Wall Mount Mobile Stand/Multi...",99,,,https://www.amazon.in/dp/B0CP93MZMD
"Sponsored Ad - Ceptics Universal Charger Adapter, 5 in 1 Universal Travel Adapter with Type C, 17W Universal Travel Adapte...",999,,,https://www.amazon.in/dp/B0CN32DBZ4
"Sponsored Ad - GOBOULT Newly Launched Soniq Over Ear Bluetooth Headphones with 70H Playtime, 40mm Bass Drivers, Zen™ ENC M...",1799,,,https://www.amazon.in/dp/B0F9YV4KDD
OneAssist 1 Year Extended Warranty Plan for Portable Bluetooth Speakers Between INR 7501-10000 (E-Mail Delivery),659,,,https://www.amazon.in/dp/B09QMQLLXR
"Acko 1 Year Extended Warranty for Appliances from Rs 30,000 to Rs 40,000 (Email Delivery)",899,,,https://www.amazon.in/dp/B07MR6B2FP
"Acko 1 Year Extended Warranty for Laptops from Rs 30,000 to Rs 40,000 (E-mail delivery)",1249,,,https://www.amazon.in/dp/B07MK2WYSY
OneAssist 1 Year Extended Warranty Plan for Portable Bluetooth Speakers Between INR 5001-7500 (E-Mail Delivery),469,,,https://www.amazon.in/dp/B09QMQK978
Goldmedal Curve Plus 202042 Plastic Spice 3-Pin Universal Travel 1Adaptor (White) Set Of 1,95,,,https://www.amazon.in/dp/B0116MIKKC
UGC-NET 2026: Electronic Science Previous Solved Papers,487,,,https://www.amazon.in/dp/9362028727
OneAssist 1 Year Extended Warranty Plan for Headphones Between INR 3001-4000 (E-Mail Delivery),289,,,https://www.amazon.in/dp/B09QMQK8NT
OneAssist 1 Year Extended Warranty Plan for Headphones Between INR 1001-1500 (E-Mail Delivery),129,,,https://www.amazon.in/dp/B09QMQ6N5M
Sponsored Ad - TEKNE USB4 Braided Cable | 240 W Ultra Fast Charging & 20 Gbps Data Transfer Type C Braided Cord Compatible...,1999,,,https://www.amazon.in/dp/B0F24P4G53
"Sponsored Ad - Amkette USB 3.0 Type-C Male to USB-A Female OTG Adapter, 5Gbps Data Transfer, 15W Fast Charging | Compact, ...",98,,,https://www.amazon.in/dp/B0F48DGQLY
"Sponsored Ad - Onsitego 1 Year Extended Warranty for Air Conditioners (Rs. 22,001 to 30,000) (Email Delivery in 2 Hours)",2185,,,https://www.amazon.in/dp/B09WK6W274
Sponsored Ad - Onsitego 1 Year Extended Warranty for Air conditioners (Rs.60001 to 70000) Email Delivery,5229,,,https://www.amazon.in/dp/B09V7GGCVP
"Lenovo 2years Extended Warranty with Onsite Service for Entry AIO PC (Email Delivery, No Physical Kit)",3339,,,https://www.amazon.in/dp/B0D1QXGQ7B
"Portronics Ruffpad 15 Re-Writable LCD Screen 38.1cm (15-inch) Writing Pad for Drawing, Playing, Handwriting Gifts for Kids...",811,,,https://www.amazon.in/dp/B08XNL93PL
"Acko 1 Year Extended Warranty for Tablets Between INR 20,001-30,000 (Email Delivery)",549,,,https://www.amazon.in/dp/B08S3TZSGM
Multimeter Test meter Leads with Banana Plug Digital Clamp Tester voltmeter Probe Test Probes Leads for Multimeter Electro...,98,,,https://www.amazon.in/dp/B09SHLLKVN
"Acko 1 Year Extended Warranty for Appliances Between INR 15000 - 20,000 (Email Delivery)",349,,,https://www.amazon.in/dp/B084J27LY2
OneAssist 1 Year Extended Warranty Plan for Headphones Between INR 1001-1500 (E-Mail Delivery),129,,,https://www.amazon.in/dp/B09QMQ6N5M
"Acko 1 Year Extended Warranty for Laptops from Rs 40,000 to Rs 60,000 (E-mail delivery)",1749,,,https://www.amazon.in/dp/B07MQWH949
Electronic Spices LM2596 Dc to Dc Buck Converter Adjustable Step Down Power Supply Module Pack of 1pcs,79,,,https://www.amazon.in/dp/B0BHNTGF23
Sponsored Ad - reMarkable Paper Pro Mosaic Weave Book Folio for Your 11.8'' Paper Tablet Burgundy Mosiac Weave,15979,,,https://www.amazon.in/dp/B0DM6L1GSL
"Sponsored Ad - Onsitego 1 Year Extended Warranty for Air Conditioners (Rs. 0 to 22,000) (Email Delivery in 2 Hours)",1839,,,https://www.amazon.in/dp/B07WGPL3N1
FEDUS 9.5V 1 Amp AC/DC Power Supply Power Adapter for Cesio Keyboards with 6.5 Feet Extra-Long Power Cord Piano Adapter fo...,289,,,https://www.amazon.in/dp/B0995J8WT7
Goldmedal Curve Plus 202042 Plastic Spice 3-Pin Universal Travel 1Adaptor (White) Set Of 1,95,,,https://www.amazon.in/dp/B0116MIKKC
Btag Portable Electronic Luggage Weighing Scale | 50kg/110Lb Digital Handheld Travel Weight Scale with LED Display | Compa...,365,,,https://www.amazon.in/dp/B0D8Y51P21
Storio Rechargeable Pocket Video Game for Kids 400 in 1 Retro Game Box Console Handheld Game Box with TV Output - Black,475,,,https://www.amazon.in/dp/B0F1XQX7M4
OneAssist 2 Years Extended Warranty Plan for Portable Bluetooth Speakers Between INR 3001-4000 (E-Mail Delivery),489,,,https://www.amazon.in/dp/B09QMNLXG5
OneAssist 1 Year Extended Warranty Plan for Headphones Between INR 5001-7500 (E-Mail Delivery),469,,,https://www.amazon.in/dp/B09QMNHS3G
"Acko 1 Year Extended Warranty for Appliances from Rs 20,000 to Rs 30,000 (Email Delivery)",649,,,https://www.amazon.in/dp/B07M9N1CB8
"FATMUG Travel Organizer Bag For Small Electronic And Accessories -Gadgets Kit Case Pouch - Dark Grey, Polyester, 57 Centim...",499,,,https://www.amazon.in/dp/B07Y27ZHGM
"Sponsored Ad - E Gate i9 Pro-Max 4X Brighter Bluetooth Projector 4k Ultra HD,400 ISO Lumens & 840fc Mega Brightness, Full ...",8990,,,https://www.amazon.in/dp/B088Z1YWBC
"Sponsored Ad - Onsitego 2 Years Extended Warranty for Air Conditioners (Rs. 0 to 22,000) (Email Delivery in 2 Hours)",2299,,,https://www.amazon.in/dp/B07WHQYBX4
Sponsored Ad - XElectron iProjector 2 Plus Auto Focus Auto Keystone Smart Home Projector 4k Ultra HD | Native 1080P Full H...,15990,,,https://www.amazon.in/dp/B0D83TPNT3
"Sponsored Ad - Noise Buds N1 Pro Truly Wireless Earbuds with Metallic Finish, ANC(Upto 30Db), 60H of Playtime, Dual Pairin...",1299,,,https://www.amazon.in/dp/B0D5R2D9WR
"FATMUG Travel Organizer Bag For Small Electronic And Accessories -Gadgets Kit Case Pouch - Dark Grey, Polyester, 57 Centim...",499,,,https://www.amazon.in/dp/B07Y27ZHGM
Btag Portable Electronic Luggage Weighing Scale | 50kg/110Lb Digital Handheld Travel Weight Scale with LED Display | Compa...,365,,,https://www.amazon.in/dp/B0D8Y51P21
GATE Electronics and Communication Engineering 2026 Book | GATE ECE 30 Years Previous Year Solved Papers (1996 to 2025) | ...,680,,,https://www.amazon.in/dp/B0DQD76ZWK
"Acko 1 Year Extended Warranty for Laptops from Rs 60,000 to Rs 1,00,000 (E-mail delivery)",2399,,,https://www.amazon.in/dp/B07MMN22R3
Prestige IRIS ECO 1200 W Induction Cooktop with Automatic Voltage Regulator |Indian Menu Option |High Voltage Surge Protec...,1299,,,https://www.amazon.in/dp/B0C4DMRHYG
OneAssist 1 Year Extended Warranty Plan for Mobile Between INR 70001-100000 (E-Mail Delivery Only),3199,,,https://www.amazon.in/dp/B0DJPJHBR3
"Acko 2 Year Extended Warranty Plan for TV Upto INR 10,000 (Email Delivery)",949,,,https://www.amazon.in/dp/B0CFWVK774
"Acko 1 Year Extended Warranty for Tablets Between INR 10,001-20,000 (Email Delivery)",349,,,https://www.amazon.in/dp/B08S3KLCCZ
Sponsored Ad - DIGIMORE Condenser Mic for Singing with V8 Sound Card | Condenser Microphone Kit | Voice Changer | Studio R...,2799,,,https://www.amazon.in/dp/B0C245X8R4
Sponsored Ad - swaggers Latest Note Counting Machine with Fake Note Detection/Currency Counting Machine/Money Counting Mac...,5983,,,https://www.amazon.in/dp/B07TXDMDXF
OneAssist 6 Months Extended Warranty Plan for Mobile Between INR 15001-20000(E-Mail Delivery Only),299,,,https://www.amazon.in/dp/B0CFF8XKVQ
ATOM A 302 Electronic Digital Hanging Stainless Steel Hook Luggage Portable Scale with LCD Display for Industrial Fishing ...,199,,,https://www.amazon.in/dp/B0744LDJKG
Electronic Devices And Circuits|5th Edition,629,,,https://www.amazon.in/dp/9355322062
OneAssist 1 Year Total Protection Plan for Smartwatch Between INR 1000-1500 (E-Mail Delivery Only),199,,,https://www.amazon.in/dp/B0D6Z18744
ESE 2025 Mains Examination Electronics and Telecommunication Engineering Conventional Paper II,674,,,https://www.amazon.in/dp/9362025787
GATE Electronics and Communication Engineering 2026 Book | Last 30 Years PYQ Book (1996 to 2025) | Best Seller Previous Ye...,695,,,https://www.amazon.in/dp/B0DNFT7749
OneAssist 1 Year Extended Warranty Plan for Portable Bluetooth Speakers Between INR 500-1000 (E-Mail Delivery),89,,,https://www.amazon.in/dp/B09QMNQQSR
Xtracover 2 Year Total Protection Plan for TV (Rs. 10001 to 15000) for B2B (Email Delivery),1026,,,https://www.amazon.in/dp/B0F8R6693L
"Sponsored Ad - Noise Buds VS104 Truly Wireless Earbuds with 45H of Playtime, Quad Mic with ENC, Instacharge(10 Min=200 Mi...",699,,,https://www.amazon.in/dp/B09Y5MK1KB
"Sponsored Ad - Tribit XSound Plus 2 30W 5.3 Bluetooth Wireless Speakers,Powerful Louder Stereo Sound with Bass-Enhanced XB...",4199,,,https://www.amazon.in/dp/B0CT5F1SW4
"Sponsored Ad - Vevo Toner Cartridge 3020 for Xerox Phaser Work Center WC-3020, wc-3025",999,,,https://www.amazon.in/dp/B08WBY21NX
"Sponsored Ad - Noise Buds VS104 Truly Wireless Earbuds with 45H of Playtime, Quad Mic with ENC, Instacharge(10 Min=200 Mi...",699,,,https://www.amazon.in/dp/B09Y5N4M7Z
"Acko 1 Year Extended Warranty for Tablets Between INR 10,001-20,000 (Email Delivery)",349,,,https://www.amazon.in/dp/B08S3KLCCZ
OneAssist 1 Year Total Protection Plan for Smartwatch Between INR 1000-1500 (E-Mail Delivery Only),199,,,https://www.amazon.in/dp/B0D6Z18744
"Ambrane 7-in-1 Cleaning Kit | All-in-One Keyboard Cleaning Kit with Brush & Cleaner for Bluetooth, AirPods, Laptop, Table...",299,,,https://www.amazon.in/dp/B0DNMXY6YC
ESE 2025 Mains Examination Electronics and Telecommunication Engineering Conventional Paper II,674,,,https://www.amazon.in/dp/9362025787
GATE Electronics and Communication Engineering 2026 Book | Last 30 Years PYQ Book (1996 to 2025) | Best Seller Previous Ye...,695,,,https://www.amazon.in/dp/B0DNFT7749
Xtracover 2 Year Total Protection Plan for TV (Rs. 10001 to 15000) for B2B (Email Delivery),1026,,,https://www.amazon.in/dp/B0F8R6693L
Electronic Spices 5v 1 Channel Relay Module Compatible With 5v Microcontroller,99,,,https://www.amazon.in/dp/B0BJF1T1LB
GKP GATE 2026 Electronics & Communication Engineering | Chapter Wise Solved Papers (2000-2025) | 26 Years’ PYQs for Concep...,480,,,https://www.amazon.in/dp/9356818517
"Sponsored Ad - Probuds Aria 911 (Red) Dual-Tone Noise Cancellation Wireless Earbuds, Bluetooth TWS in Ear with 35ms Low La...",699,,,https://www.amazon.in/dp/B0FJMHZV5N
"Sponsored Ad - Tempt Dots Pro Earbuds | 60H Playtime, Noise Cancellation, 13mm Bass Drivers, Bluetooth 5.4, IPX6 Waterproo...",899,,,https://www.amazon.in/dp/B0FHPQJ9T2
"Basic Electrical & Electronics Engineering (Course Code: BSC102) For First Year of Engineering, University of Mumbai, Seme...",395,,,https://www.amazon.in/dp/9355837623
OneAssist 1 Year Extended Warranty Plan for Portable Bluetooth Speakers Between INR 500-1000 (E-Mail Delivery),89,,,https://www.amazon.in/dp/B09QMNQQSR
BLOKMELODY Electronic Digital Hanging Stainless Steel Hook Luggage Scale | Portable Handheld Weighing Machine with LCD Dis...,249,,,https://www.amazon.in/dp/B0FQV26S8B
Duracell 3-Volt Lithium Battery for Electronic Organizers (DL2032B),79,,,https://www.amazon.in/dp/B00005T3DV
CSOK WH-A08 Kitchen Scale Portable Electronic Weighing Scale Up-to 50 kg with LCD Display Weight Scale,216,,,https://www.amazon.in/dp/B0FKZ99LK8
Sounce 5-in-1 Multi-Function Laptop Cleaning Brush/Keyboard Cleaning kit/Gadget Cleaning kit Gap Duster Key-Cap Puller for...,89,,,https://www.amazon.in/dp/B0BQDSZWFR
OneAssist 1 Year Extended Warranty Plan for Portable Bluetooth Speakers Between INR 20001-30000 (E-Mail Delivery),1669,,,https://www.amazon.in/dp/B09QMPXF65
"Homeverse Hanging Digital Scale for Travel & Fishing, 110lb/50kg Portable for Luggage,box,bag Weight machine with Backlit ...",281,,,https://www.amazon.in/dp/B0F8BTL7M7
"Sponsored Ad - FEDUS USB Extension Cable 3.0 Long usb Male to Female Extender cable 4.9 FT for 5Gbps High Data Transfer, T...",539,,,https://www.amazon.in/dp/B0FL18NKWW
"Sponsored Ad - Anker 323 Car Charger 52.5W with PowerIQ 3.0 Ultra-Compact Dual-Port USB-C Fast Charing, Charge 2 devices s...",1499,,,https://www.amazon.in/dp/B0BPH6S4DN
Sponsored Ad - TVS ELECTRONICS CC-232 Classic Heavy-Duty Note Counter | Fully Automatic Money Counting Machine | 1200 Note...,5718,,,https://www.amazon.in/dp/B08GWZCF8K
"Sponsored Ad - Probuds Aria 911 (Black) Dual-Tone Noise Cancellation Wireless Earbuds, Bluetooth TWS in Ear with 35ms Low ...",699,,,https://www.amazon.in/dp/B0FJMGSFFV
OneAssist 1 Year Total Protection Plan for Smartwatch Between INR 4001-5000 (E-Mail Delivery Only),399,,,https://www.amazon.in/dp/B0D6Z2HY4V
Arihant GATE Electronics and Communication Engineering 2025 | Chapterwise Solved Papers (2025–2000) | Previous Year Questi...,479,,,https://www.amazon.in/dp/9368407576
OneAssist 1 Year Extended Warranty Plan for Small Home Appliances Between Rs 501 to Rs 1000 (E-Mail Delivery Only),85,,,https://www.amazon.in/dp/B0C28HRB66
"Acko 1 Year Extended Warranty for Tablets Upto INR 10,000 (Email Delivery)",199,,,https://www.amazon.in/dp/B08S2WFXP5
OneAssist 1 Year Extended Warranty Plan for Portable Bluetooth Speakers Between INR 20001-30000 (E-Mail Delivery),1669,,,https://www.amazon.in/dp/B09QMPXF65
Acko 1 Year Extended Warranty Plan for Small Appliances Between INR 6001-7000 (Email Delivery),399,,,https://www.amazon.in/dp/B0CWP8PF81
"ATOM A 308 200kg hanging weighing scale | Mini Crane scale | Electronic portable weight machine for luggage, agriculture, ...",1020,,,https://www.amazon.in/dp/B08ZNHMX81
"Travel Curry - Weight Machine for Luggage - 50 kg Capacity, LCD Display Digital Portable Electronic Weighing Scale for Hom...",279,,,https://www.amazon.in/dp/B0DMWYD19C
"Sponsored Ad - Lenovo IdeaPad Slim 3, Intel Core i3, 12th Gen, 8GB RAM, 512GB SSD, FHD, 15.6""/39.62cm, Windows 11, Office ...",31990,,,https://www.amazon.in/dp/B0B4JPC8GT
"Sponsored Ad - Noise Airwave Pro Bluetooth in Ear Neckband with Upto 32 dB ANC, 60H of Playtime, Dual Device Pairing, 3 Mi...",1299,,,https://www.amazon.in/dp/B0D25NW6KT
Shocknshop Digital Sports Latest Multifunctional Electronic LED Black Dial Wrist Watch for Men Boys -WCH84,356,,,https://www.amazon.in/dp/B0CGF1PJLM
OneAssist 2 Years Extended Warranty Plan for Portable Bluetooth Speakers Between INR 1001-2000 (E-Mail Delivery),209,,,https://www.amazon.in/dp/B09QMPPBML
GM 3012 3-Pin Universal Multi Plug Fast Charging Travel Adapter | All-in-1 Worldwide Travel Adapter | Surge Protector | LE...,175,,,https://www.amazon.in/dp/B008LQOZ2E
"Hexonix Men's Digital Sports Watch 55mm Large Dial LED Display, Electronic Round Dial with PU Strap, Green Band, Waterproo...",599,,,https://www.amazon.in/dp/B0FMQC55MJ
"Thermomate 200kg hanging weighing scale | Mini Crane scale | Electronic portable weight machine for luggage, agriculture, ...",609,,,https://www.amazon.in/dp/B0CCVJKSVW
Xtracover 2 Year Extended Warranty Plan for TV Rs. 50001 to 60000 (E-Mail Delivery),3077,,,https://www.amazon.in/dp/B0F9FKZQG4
OneAssist 1 Year Total Protection Plan for Smartwatch Between INR 2501-3000 (E-Mail Delivery Only),249,,,https://www.amazon.in/dp/B0D73PCHWS
OneAssist 1 Year Extended Warranty Plan for Mobile Between INR 30001-35000 (E-Mail Delivery Only),1249,,,https://www.amazon.in/dp/B0B9H5BFF6
"Sponsored Ad - Tempt Dots Pro Earbuds | 60H Playtime, Noise Cancellation, 13mm Bass Drivers, Bluetooth 5.4, IPX6 Waterproo...",899,,,https://www.amazon.in/dp/B0FHPP527R
"Sponsored Ad - Warrantys.co 3 Year Extended Warranty Plan for Water Purifier (Rs 0 - Rs 10,000) (Email Delivery - No Physi...",889,,,https://www.amazon.in/dp/B0F54HLNHT
"Sponsored Ad - Probuds Aria 911 (White) Dual-Tone Noise Cancellation Wireless Earbuds, Bluetooth TWS in Ear with 35ms Low ...",699,,,https://www.amazon.in/dp/B0FJMK7XDW
"Sponsored Ad - Ambrane USB To Lightning 3A Fast Charging Braided Lightning Cable Compatible For iPhone 14,13, 12,11, X, 8,...",178,,,https://www.amazon.in/dp/B0CZRQCF29
OneAssist 2 Years Extended Warranty Plan for Headphones Between INR 1001-2000 (E-Mail Delivery),209,,,https://www.amazon.in/dp/B09QMQ4K4W
"Hexonix Men's Digital Sports Watch 55mm Large Dial LED Display, Electronic Round Dial with PU Strap, Green Band, Waterproo...",599,,,https://www.amazon.in/dp/B0FMQC55MJ
"Sounce Headphone Case for Boat Rockerz 450, 480, 480 w/RGB, 450 Pro, 425, 410, 370, ZEBRONICS Thunder, Sony WH-CH520, MDR-...",224,,,https://www.amazon.in/dp/B0DRK7X4CS
OneAssist 1 Year Extended Warranty Plan for Mobile Between INR 30001-35000 (E-Mail Delivery Only),1249,,,https://www.amazon.in/dp/B0B9H5BFF6
OneAssist 1 Year Total Protection Plan for Smartwatch Between INR 3001-4000 (E-Mail Delivery Only),299,,,https://www.amazon.in/dp/B0D6Z242V4
"Acko 1 Year Extended Warranty for Appliances up to 10,000 (Email delivery)",199,,,https://www.amazon.in/dp/B084J2L9HW
"Acko 2 Year Extended Warranty Plan for Appliances Between INR 10,001-20,000 (Email Delivery)",649,,,https://www.amazon.in/dp/B0CFX1WCM9
OneAssist 6 Months Extended Warranty Plan for Mobile Between INR 35001-50000(E-Mail Delivery Only),599,,,https://www.amazon.in/dp/B0CFFCN4YF
"Sponsored Ad - truke Buds F1 Ultra True Wireless in Ear Earbuds Spatial Audio Experience, 60H Playtime Ear Buds, Quad Mics...",699,,,https://www.amazon.in/dp/B0CRS14PZ5
"Sponsored Ad - OEMHP 78A Toner Cartridge Black (CE278A) Compatible for HP Laserjet P1566,1606DN, LBP-6200D, 6230DW and More",1099,,,https://www.amazon.in/dp/B0DBLYFKZZ
Robodo L298 Motor Driver Module,89,,,https://www.amazon.in/dp/B00N4KWYDE
"Acko 1 Year Extended Warranty for ACS from Rs-20,000 to Rs-30,000 (Email Delivery)",749,,,https://www.amazon.in/dp/B07MR746YJ
OneAssist 1 Year Extended Warranty Plan for Portable Bluetooth Speakers Between INR 15001-20000 (E-Mail Delivery),1169,,,https://www.amazon.in/dp/B09QMQ78R3
Hi-Plasst (Pack f 10) 2-Pin Multiplug & Travel Adapter (USA/UK/Japan/China to India Type D) - 6A Converter Plug for Diwali...,449,,,https://www.amazon.in/dp/B07YZBWXZF
"Acko 2 Year Extended Warranty Plan for TV Between INR 30,001-40,000 (Email Delivery)",3849,,,https://www.amazon.in/dp/B0CFX53TKT
OneAssist 1 Year Extended Warranty Plan for Headphones Between INR 15001-20000 (E-Mail Delivery),1169,,,https://www.amazon.in/dp/B09QMPJT77
OneAssist 1 Year Extended Warranty Plan for Portable Bluetooth Speakers Between INR 30001-40000 (E-Mail Delivery),2329,,,https://www.amazon.in/dp/B09QMQLCZ9
OneAssist 2 Years Extended Warranty Plan for Portable Bluetooth Speakers Between INR 5001-7500 (E-Mail Delivery),809,,,https://www.amazon.in/dp/B09QMNZVMM
"Sponsored Ad - Ambrane Universal Travel Socket, International All in One Worldwide Travel Adapter Socket with 2500W High P...",649,,,https://www.amazon.in/dp/B0DPKYKC8J
"Sponsored Ad - HIFFIN HST-61 Selfie Stick Tripod, 63” Professional Tripod with Wireless Remote, Portable Travel Tripod Sta...",1209,,,https://www.amazon.in/dp/B0CNXLZMX9
"Sponsored Ad - truke New Launch Crystal Dyno Leather Finish True Wireless in Ear Earbuds w/Spatial Audio, 70H Battery Fast...",799,,,https://www.amazon.in/dp/B0F1YBRRMR
"Sponsored Ad - Noise Airwave Pro Bluetooth in Ear Neckband with Upto 32 dB ANC, 60H of Playtime, Dual Device Pairing, 3 Mi...",1299,,,https://www.amazon.in/dp/B0D25PCFXZ
OneAssist 2 Years Extended Warranty Plan for Headphones Between INR 4001-5000 (E-Mail Delivery),629,,,https://www.amazon.in/dp/B09QMMVPB7
OneAssist 2 Years Extended Warranty Plan for Headphones Between INR 7501-10000 (E-Mail Delivery),1129,,,https://www.amazon.in/dp/B09QMQBD9P
NAPP MALL Premium Digital Watch Luminous LED Display Fashionable Children Kids Digital Watches Waterproof Sports Square El...,274,,,https://www.amazon.in/dp/B0FHBJQJQV
"Acko 1 Year Extended Warranty for TVs from Rs 10,001 to Rs 15,000 (Email Delivery)",469,,,https://www.amazon.in/dp/B07MMN1V8P
Shocknshop Digital Sports Stylish Multifunctional Electronic LED White Dial Wrist Watch for Men Boys -WCH121,395,,,https://www.amazon.in/dp/B0DG2Y4LY2
OneAssist 6 Months Extended Warranty Plan for Mobile Between INR 30001-35000(E-Mail Delivery Only),499,,,https://www.amazon.in/dp/B0CFFCTBTQ
OneAssist 1 Year Extended Warranty Plan for Headphones Between INR 20001-30000 (E-Mail Delivery),1669,,,https://www.amazon.in/dp/B09QMQJ16R
Xtracover 2 Year Extended Warranty Plan for TV Rs. 80001 to 90000 (E-Mail Delivery),4661,,,https://www.amazon.in/dp/B0F9FMNCRK
"Sponsored Ad - AGARO Nano Power Bank 10000 mAh, 22.5W Power Delivery for Smartphones, Portable, USB A & C Output, USB C In...",999,,,https://www.amazon.in/dp/B0F8ZQFR12
"Sponsored Ad - Fitbit Charge 6, Porcelain/Silver Aluminum",13799,,,https://www.amazon.in/dp/B0CJB9C81Z
OneAssist 1 Year Total Protection Plan for Smartwatch Between INR 500-1000 (E-Mail Delivery Only),159,,,https://www.amazon.in/dp/B0D841JLGY
"Acko 1 Year Extended Warranty for Laptops Below from 20,000 to 30,000 (Email delivery)",749,,,https://www.amazon.in/dp/B07MQWQ2RB
OneAssist 3 Years Total Protection Plan for TV Between INR 25001-30000 (E-Mail Delivery),2199,,,https://www.amazon.in/dp/B0BSNRD7B8
"Dell 2year Extended Warranty for Monitor1 (Email Delivery, No Physical Kit)",1099,,,https://www.amazon.in/dp/B0FD43N8FV
OneAssist 2 Years Extended Warranty Plan for Headphones Between INR 20001-30000 (E-Mail Delivery),2529,,,https://www.amazon.in/dp/B09QMNQKNV
Wembley Kids Piano with Mic - Rechargeable & Portable Electronic Keyboard Musical Toy for Beginners Boys & Girls Ages 3-9 ...,849,,,https://www.amazon.in/dp/B0D5R9S8Z1
OneAssist 1 Year Total Protection Plan for Smartwatch Between INR 6001-8000 (E-Mail Delivery Only),599,,,https://www.amazon.in/dp/B0D6Z2PW5T
OneAssist 1 Year Total Protection Plan for Smartwatch Between INR 1501-2000 (E-Mail Delivery Only),199,,,https://www.amazon.in/dp/B0D73V7H6P
"Sponsored Ad - truke New Launch BTG Ultra True Wireless in Ear Earbuds, 40ms Ultra Low Latency Battle Mode™ Gaming Ear Bud...",799,,,https://www.amazon.in/dp/B0D28FRD9N
"Sponsored Ad - truke Buds F1 Ultra True Wireless in Ear Earbuds Spatial Audio Experience, 60H Playtime Ear Buds, Quad Mics...",699,,,https://www.amazon.in/dp/B0CRS47RK5
"Sponsored Ad - Noise Airwave Pro Bluetooth in Ear Neckband with Upto 32 dB ANC, 60H of Playtime, Dual Device Pairing, 3 Mi...",1299,,,https://www.amazon.in/dp/B0D251YRYP
"Sponsored Ad - truke New Launch Aura Pro True Wireless in Ear Earbuds w/ 60H Battery & Fast Charge Ear Buds, 13mm Titanium...",899,,,https://www.amazon.in/dp/B0FKBX9TK1
OneAssist 3 Years Total Protection Plan for TV Between INR 25001-30000 (E-Mail Delivery),2199,,,https://www.amazon.in/dp/B0BSNRD7B8
Gooyo GY-838-17/18 Electronic Pet Talking Toy Cat for Kids | Best Musical Toy with More Features | Best Gift for Kids | Bl...,229,,,https://www.amazon.in/dp/B0BMQC6LRP
OneAssist 6 Months Extended Warranty Plan for Mobile Between INR 25001-30000(E-Mail Delivery Only),449,,,https://www.amazon.in/dp/B0CFFFJSNX
"Acko 2 Year Extended Warranty Plan for Appliances Between INR 30,001-40,000 (Email Delivery)",1699,,,https://www.amazon.in/dp/B0CFX3SQVB
Acnos 9 Color Digital Watch - for Boys & Girls Digital Watch - for Boys & Girls Watch Mens for Kids Women Men Couple Elect...,175,,,https://www.amazon.in/dp/B0C7W4HHZP
OneAssist 3 Years Total Protection Plan for TV Between INR 30001-35000 (E-Mail Delivery),2509,,,https://www.amazon.in/dp/B0BSNQPQKR
OneAssist 1 Year Extended Warranty Plan for Mobile Between INR 7501-10000 (E-Mail Delivery Only),349,,,https://www.amazon.in/dp/B0B9H5CPW3
"Lenovo 1year Accidental Damage Protection Plan (for Premium Tablets) - Email Delivery, No Physical Kit",2039,,,https://www.amazon.in/dp/B0DP2PH4RV
Sponsored Ad - Canon PIXMA MegaTank G3000 All in One WiFi Inktank Colour Printer with 2 Additional Black Ink Bottles for H...,10999,,,https://www.amazon.in/dp/B01H25A1AE
"Sponsored Ad - Amazon Echo Dot (5th Gen) | Smart speaker with Bigger sound, Motion Detection, Temperature Sensor, Alexa an...",4449,,,https://www.amazon.in/dp/B09B8XJDW5
"Acer 2 Year Extended Warranty Rs. 31,000 - Rs. 50,000 (E- Mail Delivery Only)",3976,,,https://www.amazon.in/dp/B0DY7WXB1D
OneAssist 2 Years Extended Warranty Plan for Headphones Between INR 15001-20000 (E-Mail Delivery),1769,,,https://www.amazon.in/dp/B09QMPHDX6
"amazon basics Rectangular Magic Slate 8.5-Inch LCD Writing Tablet with Stylus Pen, for Drawing, Playing, Noting by Kids & ...",209,,,https://www.amazon.in/dp/B0BBMPH39N
OneAssist 2 Years Extended Warranty Plan for Headphones Between INR 30001-40000 (E-Mail Delivery),3529,,,https://www.amazon.in/dp/B09QMP34NN
OneAssist 6 Months Extended Warranty Plan for Mobile Between INR 50001-70000(E-Mail Delivery Only),899,,,https://www.amazon.in/dp/B0CFF87J6D
"Acko 2 Year Extended Warranty Plan for Tablet Between INR 20,001-30,000 (Email Delivery)",1149,,,https://www.amazon.in/dp/B0CFXGTB6L
OneAssist 6 Month Total Protection Plan for Accidental and Liquid Damage of Laptop Upto INR 20000 (E-Mail Delivery Only),349,,,https://www.amazon.in/dp/B0CM715VTV
OneAssist 3 Years Total Protection Plan for TV Between INR 40001-45000 (E-Mail Delivery),3259,,,https://www.amazon.in/dp/B0BSNQ3Y44
"Sponsored Ad - truke New Launch BTG Ultra True Wireless in Ear Earbuds, 40ms Ultra Low Latency Battle Mode™ Gaming Ear Bud...",799,,,https://www.amazon.in/dp/B0D28HQQDQ
"Sponsored Ad - truke New Launch Mega 10 True Wireless in Ear Earbuds W/ 24-Bit Lossless Spatial Audio, 70H Battery Fast Ch...",1199,,,https://www.amazon.in/dp/B0FDKSMKPP
"Sponsored Ad - Noise Airwave Pro Bluetooth in Ear Neckband with Upto 32 dB ANC, 60H of Playtime, Dual Device Pairing, 3 Mi...",1299,,,https://www.amazon.in/dp/B0D2565WBY
"Sponsored Ad - GOBOULT Z60 Truly Wireless in Ear Earbuds with 60H Playtime, Zen™ ENC Mic, 50ms Low Latency, 13mm Bass Driv...",799,,,https://www.amazon.in/dp/B0CBTXDVFX
OneAssist 1 Year Extended Warranty Plan for Small Home Appliances Between Rs 2001 to Rs 3000 (E-Mail Delivery Only),135,,,https://www.amazon.in/dp/B0C28GQZLH
OneAssist 3 Years Total Protection Plan for TV Between INR 40001-45000 (E-Mail Delivery),3259,,,https://www.amazon.in/dp/B0BSNQ3Y44
"TCL Extended Warranty (2years) - Brand Authorised Plan for TCL TV Between 100000-124999 (Email Delivery, No Physical Kit)",8349,,,https://www.amazon.in/dp/B0C2VLP2VF
"Acko 1 Year Extended Warranty for Laptops from Rs 10,000 to Rs 20,000 (E-mail delivery)",499,,,https://www.amazon.in/dp/B07MK2WYT1
OneAssist 2 Years Extended Warranty Plan for Headphones Between INR 10001-15000 (E-Mail Delivery),1269,,,https://www.amazon.in/dp/B09QMNWXCL
"Dr Trust USA Stainless Steel Electronic Kitchen Digital Scale Weighing Machine For Health, Fitness, Diet, Nutrition, Cooki...",548,,,https://www.amazon.in/dp/B0DT4CXZZR
"Acko 2 Year Extended Warranty Plan for Air Conditioner Between INR 30,001-40,000 (Email Delivery)",2349,,,https://www.amazon.in/dp/B0CFXC1S44
OneAssist 2 Years Total Protection Plan for TV Between INR 30001-35000 (E-Mail Delivery),1789,,,https://www.amazon.in/dp/B0BSNQVS3D
"Sponsored Ad - truke New Launch Aura Pro True Wireless in Ear Earbuds w/ 60H Battery & Fast Charge Ear Buds, 13mm Titanium...",899,,,https://www.amazon.in/dp/B0FKBVH5WK
"Sponsored Ad - truke New Launch Crystal Dyno Leather Finish True Wireless in Ear Earbuds w/Spatial Audio, 70H Battery Rapi...",799,,,https://www.amazon.in/dp/B0F1Y8MDHM
"Acko 1 Year Extended Warranty for Appliances from Rs 60,000 to Rs 1,00,000 (Email Delivery)",1949,,,https://www.amazon.in/dp/B07MGTM437
"HUMBLE Universal 360° Rotatable Dashboard Mount Smartphone Holder Anti-Slip Silicone Mount for Car, Office & Home Adjustab...",179,,,https://www.amazon.in/dp/B0DRYWFMLC
"Acko 1 Year Extended Warranty for Tablets Between INR 50,001-70,000 (Email Delivery)",1249,,,https://www.amazon.in/dp/B08S3WGDJG
OneAssist 2 Years Extended Warranty Plan for Small Home Appliances Between Rs 5001 to Rs 6000 (E-Mail Delivery Only),565,,,https://www.amazon.in/dp/B0C28GKHT3
Acko 1 Year Screen Damage Protection Plan for Phones Between INR 7501-10000 (Email Delivery),449,,,https://www.amazon.in/dp/B0DW9CHKW3
"Mi 1 Year Screen Protect Plan for Tablets Between 14000-14999 (Email Delivery, No Physical Kit)",849,,,https://www.amazon.in/dp/B0D2Y6S25J
"Acko 1-Year Total Damage Protection Plan for Phones Between INR 70,001-100,000 (Email Delivery)",4999,,,https://www.amazon.in/dp/B0DGG7RR35
"TCL Extended Warranty (2years) - Brand Authorised Plan for TCL TV Between 20000-29999 (Email Delivery, No Physical Kit)",2349,,,https://www.amazon.in/dp/B0C2VNNVJZ
"Sponsored Ad - truke New Launch Mega 10 True Wireless in Ear Earbuds W/ 24-Bit Lossless Spatial Audio, 70H Battery Fast Ch...",1199,,,https://www.amazon.in/dp/B0FDKSVHMM
"Sponsored Ad - truke New Launch Mega 8 True Wireless in-ear Earbuds with 24-Bit Spatial Audio, 70H Battery & Fast Charge b...",1099,,,https://www.amazon.in/dp/B0FKBWDVRQ
"Sponsored Ad - GOBOULT Z60 Truly Wireless in Ear Earbuds with 60H Playtime, Zen™ ENC Mic, 50ms Low Latency, 13mm Bass Driv...",799,,,https://www.amazon.in/dp/B0CBV22Q52
"Sponsored Ad - truke New Launch [2025] Mega 7 True Wireless in-Ear Earbuds w/ 24-Bit 360 Spatial Audio, 60H Playtime & Fas...",999,,,https://www.amazon.in/dp/B0FKBTL47L
"TCL Extended Warranty (2years) - Brand Authorised Plan for TCL TV Between 20000-29999 (Email Delivery, No Physical Kit)",2349,,,https://www.amazon.in/dp/B0C2VNNVJZ
"Mi Extended Warranty (1year) - Brand Authorised Plan for Mi TV Between 25000-29999(Email Delivery, No Physical Kit)",1299,,,https://www.amazon.in/dp/B0B58JGBC7
"Apple 20W USB-C Power Adapter (for iPhone, iPad & AirPods)",1399,,,https://www.amazon.in/dp/B09794YHBS
"Acko 2 Year Extended Warranty Plan for Appliances Between INR 60,001-100,000 (Email Delivery)",3649,,,https://www.amazon.in/dp/B0CFX9XFB4
"Acko 1 Year Extended Warranty for TVs from Rs 70,001 to Rs 80,000 (Email Delivery)",2599,,,https://www.amazon.in/dp/B07MGH42XB
Apple EarPods (USB-C) ​​​​​​​,1549,,,https://www.amazon.in/dp/B0DCNWN8NZ
"HealthSense BS161 Bluetooth BMI Digital Weight Machine with Fat Analyzer, Smart Body Composition Scale, Mobile App, 12 Bod...",899,,,https://www.amazon.in/dp/B0CHWLSVGL
Toy Imagine Kids Digital Camera for Photos & Videos | Mini Camera Toy with 2-Inch Screen & USB Rechargeable | Fun & Educat...,599,,,https://www.amazon.in/dp/B0DQY9DPXR
"Sponsored Ad - truke New Launch Crystal Dyno Leather Finish True Wireless in Ear Earbuds w/Spatial Audio, 70H Battery Rapi...",799,,,https://www.amazon.in/dp/B0F1YCF29P
"Sponsored Ad - truke Mega 9 New Launch True Wireless in Ear Earbuds W/ 24-Bit Lossless Spatial Audio, 70H Battery Fast Cha...",999,,,https://www.amazon.in/dp/B0F1CYD5PS
"KENT Hand Blender 300 W | 5 Variable Speed Control | Multiple Beaters & Dough Hooks | Turbo Function, Plastic, 300 Watts",1399,,,https://www.amazon.in/dp/B07Y5FDPKV
"GOBOULT Z20 Pro Truly Wireless Bluetooth Ear Buds with 60 Hours Playtime, 4 Mics Clear Calling, 45ms Low Latency, Rich Bas...",899,,,https://www.amazon.in/dp/B0DCNR9GTC
"Philips 1 Year Extended Warranty for Kettle (Email Delivery, No Physical Kit)",390,,,https://www.amazon.in/dp/B0FP5JWQ69
Wembley Hover Football for Kids| Electric Soccer Ball Floating Air| Engaging Indoor Game for Kids | Birthday Gift for Boy...,489,,,https://www.amazon.in/dp/B0BBGYJP6D
"Portronics Power Plate 5 1500W Power Converter with USB Charger & Mobile Holder 3AC Socket + 3USB Ports, 1.5 m Cord Length...",439,,,https://www.amazon.in/dp/B09QJ3Z2PK
"SKADIOO Weighing scale, Weight Machine for Kitchen, Kitchen Weighing Scale,SF-400 Weight Machine for Shop, Food Weighing S...",183,,,https://www.amazon.in/dp/B0D2NX639K
"Bajaj iLED 8.5W Rechargeable Emergency Inverter LED Bulb | Cool Day Light | Upto 4 Hours Battery | B22D | (Pack of 1, White)",178,,,https://www.amazon.in/dp/B0C9JHQPGY
"Luvlap Adore Electric Breast Pump with 2 Phase Pumping, Rechargeable Battery, Digital TouchScreen, Smart Memory, Dual Powe...",2999,,,https://www.amazon.in/dp/B084GH6NHB
"Sponsored Ad - truke New Launch Mega 8 True Wireless in-Ear Earbuds with 24-Bit Spatial Audio, 70H Battery & Fast Charge B...",1099,,,https://www.amazon.in/dp/B0FKBWNLXH
"Sponsored Ad - Guard-Well Light Bulb Wireless IP WiFi, Bulb Camera 360 1080p WiFi Auto Rotation Fish Eye 360 Degree Panora...",1189,,,https://www.amazon.in/dp/B0FHHKVHV8
"Sponsored Ad - Onsitego 1 Year Extended Warranty for Air Conditioners (Rs. 22,001 to 30,000) (Email Delivery in 2 Hours)",2185,,,https://www.amazon.in/dp/B07WGPJV8N
Sponsored Ad - Onsitego 1 Year Extended Warranty for Air conditioners (Rs.40001 to 50000) Email Delivery,3619,,,https://www.amazon.in/dp/B09V7GG495
"STRIFF Smartphone Stand, Tabletop, Foldable, Mobile Phone Stand, Tablet Stand, Smartphone Holder, Adjustable Height, Anti-...",150,,,https://www.amazon.in/dp/B0C6KY8X1N
"Electronics For You magazine September 2025 - Where Are We Heading With AI, AGI, And ASI? [Paperback] Electronics For You",125,,,https://www.amazon.in/dp/B0FPXKY61V
"Samsung Original 25W Type-C Travel Adaptor Without Cable, White",849,,,https://www.amazon.in/dp/B0D2R2MXXJ
amazon basics AB-512 12-Digit Display Basic Calculator(Black),209,,,https://www.amazon.in/dp/B0CZML7TRJ
"FATMUG Travel Organizer Bag For Small Electronic And Accessories -Gadgets Kit Case Pouch - Dark Grey, Polyester, 57 Centim...",499,,,https://www.amazon.in/dp/B07Y27ZHGM
"Ambrane 2 in 1 Type-C & Micro USB Cable with 3A Fast Charging Mobile Cable, 480 mbps Data Sync, Quick Charge 3.0, 1.5m Bra...",179,,,https://www.amazon.in/dp/B09CMP1SC8
Shocknshop Digital Sports Silicone Stylish Multifunctional Electronic LED Black Dial Wrist Watch for Men Boys -W79,404,,,https://www.amazon.in/dp/B0F94FDD4Y
"ZEBRONICS LTAux10, Lightning to 3.5 mm Converter, Built-in DAC Chip, Braided Cable, Aluminum Body, Supports Both Mic & Aud...",199,,,https://www.amazon.in/dp/B0DS65JXJT
Sponsored Ad - Onsitego 2 years Extended Warranty for Air conditioners (Rs.40001 to 50000) Email Delivery,5435,,,https://www.amazon.in/dp/B09V7SKX7M
"Sponsored Ad - Onsitego 2 Years Extended Warranty for Air Conditioners (Rs. 22,001 to 30,000) (Email Delivery in 2 Hours)",3275,,,https://www.amazon.in/dp/B09WK9BRVQ
"Noise Twist Go Round dial Smartwatch with BT Calling, 1.39"" Display, Metal Build, 100+ Watch Faces, IP68, Sleep Tracking, ...",1399,,,https://www.amazon.in/dp/B0CQ4JT6NT
"Noise Twist Round dial Smart Watch with Bluetooth Calling, 1.38"" TFT Display, up-to 7 Days Battery, 100+ Watch Faces, IP6...",1099,,,https://www.amazon.in/dp/B0BJ6ZWPX5
Goldmedal Curve Plus 202042 Plastic Spice 3-Pin Universal Travel 1Adaptor (White) Set Of 1,95,,,https://www.amazon.in/dp/B0116MIKKC
"UN1QUE Wireless Door Bell for Home - Small Calling Bell for Office, 1000ft Long Range with 36 Chimes, 100dB Louder Volume,...",806,,,https://www.amazon.in/dp/B0BMYW2VDV
Modern Digital Electronics | 5th Edition,725,,,https://www.amazon.in/dp/9355321775
"Dyazo Foldable Tablet Stand | Holder Compatible for Desk Compatible for Samsung Galaxy Tabs, iPad All Other Tablets Up to ...",379,,,https://www.amazon.in/dp/B0CRZBR4LB
"Wembley Karaoke Machine for Kids Adults, Mini Portable Blue-Tooth Karaoke Speaker with Wireless Microphone and Dynamic Lig...",759,,,https://www.amazon.in/dp/B0CZ786P47
OneAssist 1 Year Extended Warranty Plan for Mobile Between INR 10001-15000 (E-Mail Delivery Only),499,,,https://www.amazon.in/dp/B0B9H3GPQR
Sponsored Ad - Onsitego 1 Year Extended Warranty for Air conditioners (Rs.30001 to 40000) Email Delivery,2815,,,https://www.amazon.in/dp/B09V7H6KVR
"Sponsored Ad - Onsitego 1 Year Extended Warranty for Air Conditioners (Rs. 0 to 22,000) (Email Delivery in 2 Hours)",1265,,,https://www.amazon.in/dp/B07WK7V3XJ
"Sponsored Ad - GOBOULT Z60 Truly Wireless in Ear Earbuds with 60H Playtime, Zen™ ENC Mic, 50ms Low Latency, 13mm Bass Driv...",799,,,https://www.amazon.in/dp/B0CBTXJJZH
"Sponsored Ad - GOBOULT W60 True Wireless in Ear Earbuds 60H Playtime, ZEN Quad Mic ENC, 50ms Xtreme Low Latency, Made in I...",799,,,https://www.amazon.in/dp/B0FDWW81WV
Apple iPhone 15 (128 GB) - Black,46999,,,https://www.amazon.in/dp/B0CHX1W1XY
OneAssist 2 Years Extended Warranty Plan for Portable Bluetooth Speakers Between INR 20001-30000 (E-Mail Delivery),2529,,,https://www.amazon.in/dp/B09QMQ7BFF
Shocknshop Black Dial Luminous Led Display Fashionable Children Kids Digital Watches Waterproof Sports Square Electronic L...,189,,,https://www.amazon.in/dp/B0DJJDJZMP
"Acko 1 Year Extended Warranty for Laptops from Rs 10,000 to Rs 20,000 (E-mail delivery)",499,,,https://www.amazon.in/dp/B07MK2WYT1
OneAssist 2 Years Extended Warranty Plan for Portable Bluetooth Speakers Between INR 30001-40000 (E-Mail Delivery),3529,,,https://www.amazon.in/dp/B09QMPGKRS
"Tygot Bluetooth Extendable Selfie Sticks with Wireless Remote and Tripod Stand, 3-in-1 Multifunctional Selfie Stick with T...",229,,,https://www.amazon.in/dp/B094YFFSMY
Basic Electronics and Electrical Engineering for BE Anna University R25 CBCS (SEM - I - ECE - EE25C04),495,,,https://www.amazon.in/dp/935585773X
"Philips 1 Year Extended Warranty for Induction Cooktop (Email Delivery, No Physical Kit)",790,,,https://www.amazon.in/dp/B0FP5KKBJ3
"Sponsored Ad - truke Mega 9 New Launch True Wireless in Ear Earbuds W/ 24-Bit Lossless Spatial Audio, 70H Battery Fast Cha...",999,,,https://www.amazon.in/dp/B0F1CZ59F5
"Sponsored Ad - truke New Launch [2025] Mega 7 True Wireless in-Ear Earbuds w/ 24-Bit 360 Spatial Audio, 60H Playtime & Fas...",999,,,https://www.amazon.in/dp/B0FKBWTWZ8
Electronic Spices Universal Travel Adapter Surge Protector International Adapter All-in-One Adapter Plug White,129,,,https://www.amazon.in/dp/B0DKC2XP74
OneAssist 2 Years Extended Warranty Plan for Small Home Appliances Between Upto Rs 500 (E-Mail Delivery Only),79,,,https://www.amazon.in/dp/B0C28HJ9TV
"Mi 1 Year Screen Protect Plan for Tablets Between 14000-14999 (Email Delivery, No Physical Kit)",849,,,https://www.amazon.in/dp/B0D2Y6S25J
Gooyo GY-838-17/18 Electronic Pet Talking Toy Cat for Kids | Best Musical Toy with More Features | Best Gift for Kids | Bl...,229,,,https://www.amazon.in/dp/B0BMQC6LRP
OneAssist 6 Months Extended Warranty Plan for Mobile Between INR 50001-70000(E-Mail Delivery Only),899,,,https://www.amazon.in/dp/B0CFF87J6D
OneAssist 6 Month Total Protection Plan for Accidental and Liquid Damage of Laptop Upto INR 20000 (E-Mail Delivery Only),349,,,https://www.amazon.in/dp/B0CM715VTV
"Portronics PrintLink 1.5 Printer Cable with USB Type-A to USB Type-B Male Connectors, 1.5 Meters / 5 Ft Long, High-Speed T...",122,,,https://www.amazon.in/dp/B0DPCP1RCT
"realme Buds T310 Truly Wireless in Ear Earbuds with 46dB Hybrid ANC, 360° Spatial Audio, 12.4mm Dynamic Bass Driver, Upto ...",1699,,,https://www.amazon.in/dp/B0DBGNDTY2
Sponsored Ad - PHILIPS Audio Upbeat Tauh201 Wired On Ear Headphones with Mic (Black),999,,,https://www.amazon.in/dp/B07YNDMMWG
Sponsored Ad - Vega Blooming Air Foldable 1000-1200 Watts Hair Dryer for Women with Flexible Heat Setting & Detachable Noz...,651,,,https://www.amazon.in/dp/B00FWK50GC
"Sponsored Ad - truke Mega 9 New Launch True Wireless in Ear Earbuds W/ 24-Bit Lossless Spatial Audio, 70H Battery Fast Cha...",999,,,https://www.amazon.in/dp/B0F1CZLPRK
"Sponsored Ad - Fire-Boltt Ninja Call Pro Max Smart Watch 2.01 inch Display, Bluetooth Calling, 120+ Sports Modes, Health S...",1099,,,https://www.amazon.in/dp/B0C496V772
"Portronics PrintLink 1.5 Printer Cable with USB Type-A to USB Type-B Male Connectors, 1.5 Meters / 5 Ft Long, High-Speed T...",122,,,https://www.amazon.in/dp/B0DPCP1RCT
"realme Buds T310 Truly Wireless in Ear Earbuds with 46dB Hybrid ANC, 360° Spatial Audio, 12.4mm Dynamic Bass Driver, Upto ...",1699,,,https://www.amazon.in/dp/B0DBGNDTY2
"pTron Bassbuds Spark in-Ear TWS Earbuds with Stereo Sound, 40Hrs Playtime, Stereo Calls, Bluetooth V5.3 Headphones with Qu...",549,,,https://www.amazon.in/dp/B0F62JBFBS
"Noise Twist Go Smart Watch 1.39"" Display, TruSyncᵀᴹ BT Calling, Glossy Metal Finish, 150+ Watch Faces, IP68, Sleep Trackin...",1399,,,https://www.amazon.in/dp/B0FCMC8T4F
"boAt Enigma Gem Women's Luxury Smart Watch w/ 1.19” (3.02cm) AMOLED Display, Emergency SOS Live Location Sharing, Watch Fa...",2699,,,https://www.amazon.in/dp/B0DFYJWSS7
"Digital Alarm Clock,Battery Operated Small Desk Clocks,with Date,Indoor Temperature,Smart Night Light,LCD Electronic Clock...",265,,,https://www.amazon.in/dp/B08ZHJMQNR
NSQF Level 5 Electronics Mechanic and Consumer Electronics Theory 1 and 2 Year (Old Edition),450,,,https://www.amazon.in/dp/9325299186
"Protect+ with AppleCare Services for 13-inch iPad Air (M3) (1 Year) (Email Delivery, No Physical Kit)",6599,,,https://www.amazon.in/dp/B0DZP3PKF2
"Sponsored Ad - GOBOULT W60 True Wireless in Ear Earbuds 60H Playtime, ZEN Quad Mic ENC, 50ms Xtreme Low Latency, Made in I...",799,,,https://www.amazon.in/dp/B0FDWTS6WZ
"Sponsored Ad - Fire-Boltt Talk Bluetooth Calling Smartwatch, 1.39"" TFT Display with Dual Button, Hands On Voice Assistanc...",1099,,,https://www.amazon.in/dp/B0BY2QJJ8J
"STRIFF Bluetooth Car Adapter, Mini Bluetooth 5.0 Transmitter Receiver Wireless 3.5mm Aux Jack Adapter Hands-Free Car Kit B...",195,,,https://www.amazon.in/dp/B0CYSM7VP4
"Wembley Kids Laptop Educational Computer Toys for 3+ Year Old Boy with Mouse|20 Fun Activity Electronic Learning Machine,N...",849,,,https://www.amazon.in/dp/B0CPSM1CNN
"OnePlus Nord Buds 3 Pro Truly Wireless Bluetooth in Ear Earbuds with Upto 49Db Active Noise Cancellation,12.4Mm Dynamic Dr...",2399,,,https://www.amazon.in/dp/B0D7HV9SPJ
SKMEI Analog-Digital Men Dual-Display Electronic Watch with Luminous 50m Waterproof Fashion Mutifunctional Sports Watch - ...,1087,,,https://www.amazon.in/dp/B0C3HG1CKQ
"Acko 1 Year Extended Warranty for TVs from Rs 70,001 to Rs 80,000 (Email Delivery)",2599,,,https://www.amazon.in/dp/B07MGH42XB
"Acko 1-Year Total Damage Protection Plan for Phones Between INR 70,001-100,000 (Email Delivery)",4999,,,https://www.amazon.in/dp/B0DGG7RR35
Neelkanth - Electronics Mechanic Theory (I & II Year) - Hindi NSQF Level - 4 ITI Book,318,,,https://www.amazon.in/dp/9357360921
Apple USB-C to Lightning Cable (1m) ​​​​​​​,1499,,,https://www.amazon.in/dp/B0CX23929Q
"Sponsored Ad - HIFFIN HF-138 Pro Portable Pocket RGB LED Video Light with 21 Lighting Effect Modes, 4000 mAh Inbuilt Batte...",3030,,,https://www.amazon.in/dp/B0CGLXFC4J
"Sponsored Ad - Fire-Boltt Phoenix Smart Watch 1.38” HD Display, Bluetooth Calling, AI Voice Assistant, 120 Sports Modes, I...",1099,,,https://www.amazon.in/dp/B0B3RRWSF6
"Sponsored Ad - Fire-Boltt Ninja Call Pro Max Smart Watch 2.01” HD Display, Bluetooth Calling, AI Voice Assistant, 120 Spor...",1099,,,https://www.amazon.in/dp/B0C497XVG9
"Sponsored Ad - Fire-Boltt Phoenix Pro Smart Watch 1.39” HD Display, Bluetooth Calling, AI Voice Assistant, 120 Sports Mode...",1187,,,https://www.amazon.in/dp/B0BRKXXPZ7
"Bajaj Ivora Hb Led Lamp 9W Cdl Cool Daylight B22D|Energy Efficient|Environment Friendly|Ir,Uv Free|3.5 Kv Surge Protectio...",178,,,https://www.amazon.in/dp/B093DTRRYR
OneAssist 1 Year Total Protection Plan for Smartwatch Between INR 20001-25000 (E-Mail Delivery Only),1499,,,https://www.amazon.in/dp/B0CMJ92SNV
"Sponsored Ad - pTron Tangent Evolve w/ 50Hrs Playtime, HD Mic, Pristine Sound, 14mm Drivers, Bluetooth V5.3 w/Dual-Device ...",499,,,https://www.amazon.in/dp/B0DWFTZDWM
"Sponsored Ad - Portronics Wallet X Tri-Fold Magnetic Wallet with 6-Card Holder, RFID Blocking, PU Premium Leather,Ultra Sl...",549,,,https://www.amazon.in/dp/B0FK5RSKS9
"Sponsored Ad - GOBOULT Mustang Torq Wireless in Ear Earbuds with 60H Playtime, App Support, Quad Mic ENC, 45ms Low Latenc...",1499,,,https://www.amazon.in/dp/B0DN1RPL19
"Sponsored Ad - GOBOULT x Mustang Derby Truly Wireless in Ear Earbuds with 100H Playtime, App Support, Dual Device Pairing,...",1299,,,https://www.amazon.in/dp/B0D63GCT6P
