title,price,mrp,discount_percentage,link
"Sponsored Ad - Sennheiser ACCENTUM Plus Wireless Over Ear Headphones,German Design,Adaptive ANC,50H Battery,Sound Personal...",12990,19990,35.02,https://www.amazon.in/dp/B0CQKDKPS6
"Sponsored Ad - Sennheiser Momentum 4 Wireless Over Ear Headphones, Free BTD 600 Bluetooth Dongle, ANC, 60h Battery, Custom...",20990,34990,40.01,https://www.amazon.in/dp/B0CCRZPKR1
"Sony WH-CH720N Active Noise Cancellation Wireless Bluetooth Over Ear Headphones with Mic, Adaptive Sound Control, Quick Ch...",7990,14990,46.7,https://www.amazon.in/dp/B0BS1QCFHX
"Sony WH-CH520 Wireless Bluetooth Headphones On Ear with Mic, Up to 50Hrs Battery, Quick Charge, DSEE Upscale, Multipoint C...",3980,5990,33.56,https://www.amazon.in/dp/B0BS1PRC4L
"Sony ULT Wear WH-ULT900N Noise Cancellation Wireless Bluetooth Over Ear Headphones with Massive Bass, Up to 50Hrs Battery-...",13490,24990,46.02,https://www.amazon.in/dp/B0CWVX1GNX
"Sony WH-CH720N Active Noise Cancellation Wireless Bluetooth Over Ear Headphones with Mic, Adaptive Sound Control, Quick Ch...",7990,14990,46.7,https://www.amazon.in/dp/B0BXXPG6FP
"Sony MDR-ZX110A On Ear Stereo Wired Headphones (White), Without Mic",867,1390,37.63,https://www.amazon.in/dp/B00KGZZ824
"Sony WH-1000XM4 Industry Leading Wireless Noise Cancellation Bluetooth Over Ear Headphones with Mic for Phone Calls, 30 Ho...",19980,29990,33.38,https://www.amazon.in/dp/B0863TXGM3
"Sony WH-CH520 Wireless Bluetooth Headphones on Ear with Mic, Up to 50Hrs Battery, Quick Charge, DSEE Upscale, Multipoint C...",3965,5990,33.81,https://www.amazon.in/dp/B0BZPK3XFQ
"Sony WH-1000XM5 Best Active Noise Cancelling Wireless Bluetooth Over Ear Headphones with Mic for Clear Calling,Battery Lif...",24990,34990,28.58,https://www.amazon.in/dp/B09XS7JWHH
"Sponsored Ad - JBL Tune 520BT Wireless On Ear Headphones with Mic, Upto 57H Battery, Speed Charge : 5 Min Charge Gives Up ...",2998,4999,40.03,https://www.amazon.in/dp/B0C3V5X3QT
"Sponsored Ad - JBL Live 770NC True Adaptive Noise Cancellation Headphones Wireless Over Ear, Spatial Sound, 65Hrs Playtim...",7998,14999,46.68,https://www.amazon.in/dp/B0CHMN4KVN
"Sony WH-CH520 Wireless Bluetooth Headphones On Ear with Mic, Up to 50Hrs Battery-Pink",3989,5990,33.41,https://www.amazon.in/dp/B0F5PX1JVY
"Sony WI-C100 Wireless Headphones with Customizable Equalizer for Deep Bass & 25 Hrs Battery, DSEE-Upscale, Splash Proof, 3...",1499,2790,46.27,https://www.amazon.in/dp/B09YLFHFDW
"Sony WH-CH720N, Wireless Over-Ear Active Noise Cancellation Headphones with Mic, up to 50 Hours Playtime, Multi-Point Conn...",7980,14990,46.76,https://www.amazon.in/dp/B0BS74M665
"Sony WH-CH720N Noise Cancellation Wireless Bluetooth Over Ear Headphones with Mic, Up to 35Hrs Battery- Pink",7990,14990,46.7,https://www.amazon.in/dp/B0F5PXSSG6
Sony ZX Series MDR-ZX310AP Wired Headband Stereo On Ear Headset -Blue,899,2190,58.95,https://www.amazon.in/dp/B00K0AMYFO
"Sony WH-CH520 Wireless Bluetooth Headphones On Ear with Mic, Up to 50Hrs Battery, Quick Charge, DSEE Upscale, Multipoint C...",3989,5990,33.41,https://www.amazon.in/dp/B0BS1QB15L
"Sony MDR-EX155AP Wired in Ear Headphones with Tangle Free Cable, 3.5mm Jack, Headset with Mic for Phone Calls and 1 Year W...",209,1290,83.8,https://www.amazon.in/dp/B073JQXC1J
Sony ZX Series MDR-ZX310AP Wired Headband Stereo On Ear Headset -Black,1099,2190,49.82,https://www.amazon.in/dp/B0784BMDRW
"Sponsored Ad - Noise Airwave Max 5 Wireless Over-Ear Headphones with Adaptive Hybrid ANC (up to 50dB), HFA Tech, 80H Playt...",3999,5999,33.34,https://www.amazon.in/dp/B0DGV6TB8D
"Sponsored Ad - soundcore by Anker Q20i Wireless Bluetooth Over-Ear Headphones with Hybrid Active Noise Cancelling, 40h Pla...",3659,5999,39.01,https://www.amazon.in/dp/B0C3HCD34R
"Sponsored Ad - Sennheiser ACCENTUM Plus Wireless Over Ear Headphones,German Design,Adaptive ANC,50H Battery,Sound Personal...",12990,19990,35.02,https://www.amazon.in/dp/B0CQKFTYW5
"Sony WH-1000XM5 Best Active Noise Cancelling Wireless Bluetooth Over Ear Headphones with Mic for Clear Calling,Battery Lif...",9996,34990,71.43,https://www.amazon.in/dp/B0DGL6R3SX
"Sony WI-C100 Wireless Headphones with Customizable Equalizer for Deep Bass & 25 Hrs Battery, DSEE-Upscale, Splash Proof, 3...",74,2790,97.35,https://www.amazon.in/dp/B09YLCXLKY
"Sony ULT Wear WH-ULT900N Noise Cancellation Wireless Bluetooth Over Ear Headphones with Massive Bass, Up to 50Hrs Battery-...",13390,24990,46.42,https://www.amazon.in/dp/B0D3TMKMYN
"Sony WH-1000XM4 Noise Cancellation Wireless Bluetooth Over-Ear Headphones with Mic, Hi-Res Audio, Up to 30 Hrs Battery- Blue",19980,29990,33.38,https://www.amazon.in/dp/B091CQH6VT
"Sony WH-1000XM5 Best Active Noise Cancelling Wireless Bluetooth Over Ear Headphones with Mic for Clear Calling,Battery Lif...",24990,34990,28.58,https://www.amazon.in/dp/B0BZP2H373
Sony MDR-EX15AP EX Stereo Headphones with Mic (Black),299,890,66.4,https://www.amazon.in/dp/B00ILAA0QU
"Sony ULT Wear WH-ULT900N Noise Cancellation Wireless Bluetooth Over Ear Headphones with Massive Bass, Up to 50Hrs Battery-...",13990,24990,44.02,https://www.amazon.in/dp/B0CWVXTK6Z
"SONY MDR-ZX310AP Black Over-Ear Headphones with Built-in Mic, Lightweight & Foldable Design for Calls, Music & Gaming | Co...",1599,2190,26.99,https://www.amazon.in/dp/B00IKYI6FO
"Sponsored Ad - Sennheiser Momentum 4 Wireless Over Ear Headphones, German Design, ANC, 60h Battery, Customizable Sound, 4 ...",20990,34990,40.01,https://www.amazon.in/dp/B0B6G9TPNQ
"Sony WH-1000XM5 Best Active Noise Cancelling Wireless Bluetooth Over Ear Headphones with Mic for Clear Calling,Battery Lif...",29990,34990,14.29,https://www.amazon.in/dp/B09XSDMT4F
Marshall Major IV Wireless Bluetooth On Ear Headphone with Mic (Black),8999,14999,40.0,https://www.amazon.in/dp/B08KHT2HDT
"JBL Tune 510BT, On Ear Wireless Headphones with Mic, up to 40 Hours Playtime, Pure Bass, Quick Charging, Dual Pairing, Blu...",1994,4449,55.18,https://www.amazon.in/dp/B08QTYYNDN
"Sony IER-EX15C Wired in Ear Type C Headphones, in-Line Remote for Volume & Mute Function with Mic, Tangle Free Serration W...",1790,2490,28.11,https://www.amazon.in/dp/B0FLY6118J
"boAt New Launch Rockerz 650 Pro, Touch/Swipe Controls, Dolby Audio, 80Hrs Battery, 2Mics ENx, Fast Charge, App Support, Du...",2299,8990,74.43,https://www.amazon.in/dp/B0DV5J28LW
"Sony MDR-EX155AP Wired in Ear Headphones with Tangle Free Cable, 3.5mm Jack, Headset with Mic for Phone Calls and 1 Year W...",219,1290,83.02,https://www.amazon.in/dp/B073HBMJV7
Sony MDR-EX14AP Wired in Ear Headphone with Mic (Black),549,1299,57.74,https://www.amazon.in/dp/B075Z25PQK
"Sony WI-C100 Wireless Headphones with Customizable Equalizer for Deep Bass & 25 Hrs Battery, DSEE-Upscale, Splash Proof, 3...",92,2790,96.7,https://www.amazon.in/dp/B09YKYJX7Y
"Sponsored Ad - Noise Airwave Max 5 Wireless Over-Ear Headphones with Adaptive Hybrid ANC (up to 50dB), HFA Tech, 80H Playt...",3999,5999,33.34,https://www.amazon.in/dp/B0DGV46CN1
"Sponsored Ad - Sennheiser ACCENTUM Wireless Special Edition-Over Ear Headphones with Hybrid ANC,50 Hr Battery & Free BTD 6...",10490,20990,50.02,https://www.amazon.in/dp/B0D3LGQ841
"Sony WF-1000XM5 Active Noise Cancelling Wireless Bluetooth in Ear Earbuds with Mic, Up to 36 Hours Battery Life - Black",19990,29990,33.34,https://www.amazon.in/dp/B0C33XXS56
"JBL Tune 770NC Wireless Over Ear ANC Headphones with Mic, Upto 70 Hrs Battery, Speed Charge : 5 min Charge Gives up to 3H ...",4998,9999,50.02,https://www.amazon.in/dp/B09CYX92NB
"Sony WF-C510 Wireless Bluetooth Earbuds with Mic, TWS, in Ear, Ambient Sound Mode, Small and Comfortable, IPX4, Quick Char...",3990,8990,55.62,https://www.amazon.in/dp/B0D9R4GYTN
Sony MDR-7506 Professional Wired On Ear Headphones (Best Compatible with Professional Cinema Line Camera) - Black,4021,15999,74.87,https://www.amazon.in/dp/B000AJIF4E
"Sony IER-EX15C Wired in Ear Type C Headphones, in-Line Remote for Volume & Mute Function with Mic, Tangle Free Serration W...",1790,2490,28.11,https://www.amazon.in/dp/B0FLY4C8S5
Sony MDR-EX14AP Wired in Ear Headphone with Mic (Blue),499,899,44.49,https://www.amazon.in/dp/B075YZXXFB
"Sony WI-C100 Wireless Headphones with Customizable Equalizer for Deep Bass & 25 Hrs Battery, DSEE-Upscale, Splash Proof, 3...",92,2790,96.7,https://www.amazon.in/dp/B09TT3X7MF
Sony WF-C710NSA | Dual Noise Cancellation Wireless Bluetooth in Ear Earbuds | AI Call Quality | 40Hrs Battery W/O ANC | 30...,6990,12990,46.19,https://www.amazon.in/dp/B0FCLPQG26
"Sony INZONE H3, MDR-G300 Wired Gaming Headset, Over-Ear Headphones with 360 Spatial Sound, USB Wired Over-Ear Professional...",5988,9990,40.06,https://www.amazon.in/dp/B0B1SXW7LB
Sony WF-C710N | Dual Noise Cancellation Wireless Bluetooth in Ear Earbuds | AI Call Quality | 40Hrs Battery W/O ANC | 30Hr...,7990,12990,38.49,https://www.amazon.in/dp/B0DWHB886R
"boAt Rockerz 480 W/RGB LEDs, 6 Light Modes, 40Mm Drivers, Beast Mode, 60Hrs Playback, Enx Tech, BT V5.3, Adaptive Fit & Ea...",1499,3790,60.45,https://www.amazon.in/dp/B0DGTSRX3R
"HP H200 On Ear Wireless Headset, Black",999,3749,73.35,https://www.amazon.in/dp/B0DHKJ5HWL
"JBL Tune 760NC, Wireless Over Ear Active Noise Cancellation Headphones with Mic, Upto 50 Hours Playtime, Multi-Device Conn...",5498,7999,31.27,https://www.amazon.in/dp/B096FZQ5WC
"boAt New Launch Rockerz 650 Pro,Touch/Swipe Controls,Dolby Audio,80Hrs Battery,2Mics Enx,Fast Charge,App Support,Dual Pai...",2299,8990,74.43,https://www.amazon.in/dp/B0DV5JTG17
"boAt Rockerz 650 Pro (2025 Launch),Touch/Swipe Controls,Dolby Audio,80Hrs Battery,2Mics Enx,Fast Charge,App Support,Dual P...",2299,8990,74.43,https://www.amazon.in/dp/B0DV5HX4JZ
"Sponsored Ad - Noise Airwave Max 5 Wireless Over-Ear Headphones with Adaptive Hybrid ANC (up to 50dB), HFA Tech, 80H Playt...",3999,5999,33.34,https://www.amazon.in/dp/B0DGV465ZW
"Sponsored Ad - Skullcandy Hesh ANC Smartchoice Active Noise Cancelling Wireless Headphones with 40mm Drivers, 22Hr Playtim...",4999,499900,99.0,https://www.amazon.in/dp/B08G1ZBKGP
"Sony WF-C510 Wireless Bluetooth Earbuds with Mic, TWS, in Ear, Ambient Sound Mode, Small and Comfortable, IPX4, Quick Char...",3990,8990,55.62,https://www.amazon.in/dp/B0DGQNXDJP
"Sony WH-CH720N Wireless Over Ear Active Noise Cancellation Headphones with Mic, Up to 35 Hours Playtime, Multi-Point Conne...",6292,7990,21.25,https://www.amazon.in/dp/B0BWSJSLJZ
"GOBOULT Newly Launched Soniq Over Ear Bluetooth Headphones with 70H Playtime, 40mm Bass Drivers, Zen™ ENC Mic, Type-C Fast...",1799,5999,70.01,https://www.amazon.in/dp/B0F9YV4KDD
Sony WH-CH720N Noise Canceling Wireless Bluetooth Headphones - Built-in Microphone - up to 35 Hours Battery Life and Quick...,7990,14990,46.7,https://www.amazon.in/dp/B0CFSDYNGT
"Sony IER-EX15C Wired in Ear Type C Headphones, in-Line Remote for Volume & Mute Function with Mic, Tangle Free Serration W...",1790,2490,28.11,https://www.amazon.in/dp/B0FLY67Y4G
"soundcore by Anker,Space One Active Noise Cancelling Bluetooth Over Ear Headphones with Travel Pouch,2X Stronger Voice Red...",5999,19998,70.0,https://www.amazon.in/dp/B0C6KFZC9Z
"Sounce Headphone Case for Boat Rockerz 450, 480, 480 w/RGB, 450 Pro, 425, 410, 370, ZEBRONICS Thunder, Sony WH-CH520, MDR-...",224,999,77.58,https://www.amazon.in/dp/B0DRK7X4CS
"Sony WF-C700N Noise Cancellation Bluetooth Earbuds with Mic, TWS, Up to 20Hrs Battery, Adaptive Sound Control- Black",5989,12990,53.9,https://www.amazon.in/dp/B0BYPFNW6T
"boAt Rockerz 411 (2025 Launch), 40Ms Low Latency, 40Hrs Battery, 40Mm Drivers, Enx Tech, Integrated Controls, V5.4 Bluetoo...",1099,2999,63.35,https://www.amazon.in/dp/B0FC2W8WJM
"Sony WF-C500 Bluetooth Earbuds with Mic, TWS, Up to 20Hrs Battery-Orange",3563,8990,60.37,https://www.amazon.in/dp/B09PC6QJHP
"Sony WF-1000XM5 Best Active Noise Cancelling Wireless Bluetooth Earbuds with Mic, TWS, Up to 36 Hours Battery Life - Silver",19990,29990,33.34,https://www.amazon.in/dp/B0C345M3T7
"Sony IER-EX15C Wired in Ear Type C Headphones, in-Line Remote for Volume & Mute Function with Mic, Tangle Free Serration W...",1790,2490,28.11,https://www.amazon.in/dp/B0FLY75CL9
"Street27® XB900N Earpads Cushion Compatible with Sony WH-XB900N, WH-CH710N Headphones, Ear Pads with Soft Protein Leather ...",499,2499,80.03,https://www.amazon.in/dp/B0BT527WCG
"Sony WH-CH720N, Wireless Over-Ear Active Noise Cancellation Headphones with Mic, up to 50 Hours Playtime, Multi-Point Conn...",3277,7990,58.99,https://www.amazon.in/dp/B0CC1P6SBF
"boAt Rockerz 550/Rockerz 558 Over Ear Bluetooth Headphones with Upto 20 Hours Playback, 50MM Drivers, Soft Padded Ear Cush...",1299,4999,74.01,https://www.amazon.in/dp/B0856HY85J
"Sponsored Ad - Skullcandy Hesh ANC Smartchoice Over-Ear Wireless Headphones, 22Hr Battery, Active Noise Cancellation, Ambi...",4999,499900,99.0,https://www.amazon.in/dp/B08G1XKY6N
"Sponsored Ad - Marshall Major V Wireless On Ear Headphones, Brown",14999,,,https://www.amazon.in/dp/B0D5D294RR
"Sony INZONE H9, WH-G900N Wireless Noise Cancelling Gaming Headset, Over Ear Headphones with 360 Spatial Sound, 32 Hours Ba...",18074,27990,35.43,https://www.amazon.in/dp/B0B1TDHLPT
"soundcore by Anker Q20i Hybrid Active Noise Cancelling Headphones, Wireless Over-Ear Bluetooth, 40H Long ANC Playtime, Hi-...",3599,359900,99.0,https://www.amazon.in/dp/B0CQXMXJC5
"Sounce Hard Shell Carrying Case for Sony WH-CH720N, WH-CH710N, WH-XB900N, WH-XB910N | Shockproof & Travel-Friendly Headpho...",539,1299,58.51,https://www.amazon.in/dp/B0DXQ79QQR
"Crysendo 70mm Headset Frog Leather Cushion | Compatible with Sony WH CH500, 510, 520 Headphones | 1.5cm Thick Replacement ...",299,849,64.78,https://www.amazon.in/dp/B09W5YRSX3
SONY MDRZX110AW Headphones W/Mic & Remote White,2999,9999,70.01,https://www.amazon.in/dp/B00NBR70A2
"Sony INZONE H5 Wireless Gaming Headset, 360 Spatial Sound, Works with PC, PS5, 28 Hour Battery, 2.4Ghz Wireless and 3.5mm ...",12990,19990,35.02,https://www.amazon.in/dp/B0CNPD3NSK
"Sony MDR-M1 Wired High Resolution Monitor Over Ear Headphones, Closed Back Design for Audiophile",19990,39990,50.01,https://www.amazon.in/dp/B0DD8SHVZL
"SOULWIT Headband Cover for Sony WH-XB910N, WHXB910 Extra BASS Noise Cancelling Headphones (Do Not Fit WH-XB900N), Replacem...",1299,2000,35.05,https://www.amazon.in/dp/B0F47QF1YB
"Marshall Major V Wireless On Ear Headphones, Cream.",14999,,,https://www.amazon.in/dp/B0D5CZQ31M
"Type C Headphones with Mic for Sony Xperia 10 V Original Deep Bass and Clear Sound, C Type Earphones Wired with Android Sm...",449,799,43.8,https://www.amazon.in/dp/B0FNMR93JM
"Amazon Basics Hard Shell EVA Headphone Carrying Case for Universal Oversized Over-Ear Headset, Shockproof, Water Repellen...",499,1299,61.59,https://www.amazon.in/dp/B0BSXHYMLB
Sony WF-C710N | Dual Noise Cancellation Wireless Bluetooth in Ear Buds | AI Call Quality | 40Hrs Battery W/O ANC | 30Hrs B...,7980,12990,38.57,https://www.amazon.in/dp/B0DWH4F1CJ
Sony WH-CH400 Wireless On Ear Headphones with Microphone Red,4699,4990,5.83,https://www.amazon.in/dp/B07CDYRY2Z
"soundcore by Anker H30i Wireless On-Ear Headphones, Foldable Design, Pure Bass, 70H Playtime, Bluetooth 5.3, Lightweight a...",1498,3999,62.54,https://www.amazon.in/dp/B0CD1FHLMH
SONY MDRZX110AB Headphones W/Mic & Remote Black,2999,8999,66.67,https://www.amazon.in/dp/B00OUX6U6G
GadgetBite Headphone Vinyl Carrying EVA Case Earpads Storage Bag Headphone Pouch Portable Anti-Pressure Compatible for Boa...,379,999,62.06,https://www.amazon.in/dp/B09HBVWWQ5
"Sponsored Ad - Skullcandy Hesh ANC Smartchoice Over-Ear Active Noise Cancelling Wireless Headphones 40mm Drivers,22Hr Play...",4999,499900,99.0,https://www.amazon.in/dp/B0DVH63P58
"JBL Tune 770NC Wireless Over Ear ANC Headphones with Mic, Upto 70 Hrs Battery, Speed Charge : 5 min Charge Gives up to 3H ...",4999,9999,50.01,https://www.amazon.in/dp/B0C664NHV6
Sony MDR-EX15AP In Ear Wired Earphones With Mic For Calls - White,890,,,https://www.amazon.in/dp/B00JHIRDY2
Sony MDR7506 Close Ear Headphone (Black),9499,15999,40.63,https://www.amazon.in/dp/B01EJVYN3K
"BonKaso Headphone Carrying Case – Hard Shell Vinyl Protective Case Compatible with Boat Rockerz 550, Sony WH-CH510/CH710N,...",469,999,53.05,https://www.amazon.in/dp/B0F5X4YSBZ
"boAt Rockerz 450, 15 HRS Battery, 40mm Drivers, Padded Ear Cushions, Integrated Controls, Dual Modes, On Ear Bluetooth Hea...",1499,3990,62.43,https://www.amazon.in/dp/B086671ZSR
"Bluetooth Neckband for Sony Xperia Xperia C, Sony Xperia Z3 plus, Sony Xperia C3 Dual SIM Dual, Sony Xperia Z5 Premium, So...",399,1499,73.38,https://www.amazon.in/dp/B0BGHY2ZL5
Sony WF-C710N | Dual Noise Cancellation Wireless Bluetooth in Ear Buds | AI Call Quality | 40Hrs Battery W/O ANC | 30Hrs B...,7980,12990,38.57,https://www.amazon.in/dp/B0FCM165VM
"Sponsored Ad - Sennheiser Momentum 4 Wireless Over Ear Headphones, German Design, ANC, 60h Battery, Customizable Sound, 4 ...",20990,34990,40.01,https://www.amazon.in/dp/B0CJL1QQN6
"GOBOULT Q Over Ear Bluetooth Headphones with 70H Playtime, 40mm Bass Drivers, Zen™ ENC Mic, Type-C Fast Charging, 4 EQ Mod...",1499,5999,75.01,https://www.amazon.in/dp/B0DFHFH16K
"boAt Rockerz 412 (2025 Launch), 60Hrs Battery, 40Mm Drivers, 40Ms Low Latency, Enx Tech, Integrated Controls, V5.4 Bluetoo...",1299,2999,56.69,https://www.amazon.in/dp/B0FC327SXQ
"boAt Rockerz 650 Pro (2025 Launch),Touch/Swipe Controls,Dolby Audio,80Hrs Battery,2Mics Enx,Fast Charge,App Support,Dual P...",2299,8990,74.43,https://www.amazon.in/dp/B0DV5GLTLZ
"Sonos Ace | Noise Cancelling Wireless Over-Ear Headphones with Bluetooth, 30-Hour Battery Life, Spatial Audio, Dolby Atmo...",29999,39999,25.0,https://www.amazon.in/dp/B0D37H1T6H
"boAt Rockerz 450, 15 HRS Battery, 40mm Drivers, Padded Ear Cushions, Integrated Controls, Dual Modes, On Ear Bluetooth Hea...",1299,3990,67.44,https://www.amazon.in/dp/B07PR1CL3S
"GOBOULT Q Over Ear Bluetooth Headphones with 70H Playtime, 40mm Bass Drivers, Zen™ ENC Mic, Type-C Fast Charging, 4 EQ Mod...",1499,5999,75.01,https://www.amazon.in/dp/B0DFHGX8R3
Sony New Linkbuds Fit WF-LS910N | Active Noise Cancelling Wireless Bluetooth in Earbuds | Comfortable Fit with New Support...,14990,24990,40.02,https://www.amazon.in/dp/B0F21B9R8H
"Sponsored Ad - Marshall Major V Wireless On Ear Headphones, Black",14999,,,https://www.amazon.in/dp/B0D1VN2VB7
"Sponsored Ad - Skullcandy Crusher Wireless Over-Ear Bluetooth Headphones - Adjustable Sensory Bass, Noise-Isolating Fit, 5...",8999,28999,68.97,https://www.amazon.in/dp/B01DWH77GC
"Sony Float Run WI-OE610 Headphones Designed for Running, Cycling, Hiking & Other Sports, Gym Headphones with Open-Ear Desi...",8990,,,https://www.amazon.in/dp/B0CQ4LP8K4
"boAt Rockerz 421 (2025 Launch), 40Hrs Battery, Low Latency(40Ms), 40Mm Drivers, Enx Technology, Integrated Controls, V5.4 ...",1187,2490,52.33,https://www.amazon.in/dp/B0F7M3Q8DV
"Noise Airwave Max 4 Wireless Over Ear Headphones with 70H Playtime, ENC, 40mm Driver, Low Latency(up to 40ms), Dual Pairin...",1699,5999,71.68,https://www.amazon.in/dp/B0CY1PL36Q
"Sony WF-C510 Wireless Bluetooth Earbuds with Mic, TWS, in Ear, Ambient Sound Mode, Small and Comfortable, IPX4, Quick Char...",3990,8990,55.62,https://www.amazon.in/dp/B0D9R45FMH
"Sony WF-C500 Bluetooth Earbuds with Mic, TWS, Up to 20Hrs Battery-Green",4490,8990,50.06,https://www.amazon.in/dp/B09PC4YK12
"Street27® Earpads Cushion Compatible with Sony WH-XB910 XB910N Wireless Headphones, Ear Pads with Soft Protein Leather Hig...",664,1499,55.7,https://www.amazon.in/dp/B0D859YTJ1
Bang & Olufsen Wireless Over Ear Headphones Noise Cancelling Bluetooth Beoplay HX Gold Tone,132960,,,https://www.amazon.in/dp/B0B993PBJ7
"(Refurbished) Sony IER-EX15C Wired in Ear Type C Headphones, in-Line Remote for Volume & Mute Function with Mic, Tangle Fr...",1252,1790,30.06,https://www.amazon.in/dp/B0FQT7Y8FX
"boAt Bassheads 900 Pro Wired Headphones with 40Mm Drivers, Lightweight Foldable Design, Over Ear, Remote Control, Unidirec...",999,4990,79.98,https://www.amazon.in/dp/B0DHDDF5J2
"Portronics Muffs M2 Bluetooth Headphones Over Ear with Upto 40 Hrs Playtime, 40mm Dynamic Drivers, AUX 3.5mm, Powerful Bas...",749,2499,70.03,https://www.amazon.in/dp/B0C4HDNDGN
"Bose QuietComfort Ultra Bluetooth Headphones, Wireless Headphones with Spatial Audio, Over Ear Noise Cancelling Headphones...",24989,35900,30.39,https://www.amazon.in/dp/B0D4ZC4XMT
"Sony LinkBuds S WF-LS900N Noise Cancellation Bluetooth Earbuds, TWS, Hi-Res Audio, Up to 23Hrs Battery-Black",16900,24990,32.37,https://www.amazon.in/dp/B09YL76VSR
"in Ear Wired Earphones for Sony Xperia Z2a in-Ear Headphones with Mic, Super Extra Bass, Melodious Sound, Magnetic Earbud...",415,1999,79.24,https://www.amazon.in/dp/B0FCM5QFTF
"JBL Live 770NC True Adaptive Noise Cancellation Headphones, Wireless Over Ear, Spatial Sound, 65Hrs Playtime, Speed Charg...",7998,14999,46.68,https://www.amazon.in/dp/B0CHMMVHQL
"Sponsored Ad - ZEBRONICS Silencio 111,Over Ear Wireless Headphone,Hybrid ANC (50dB),55*Hrs Backup,Transparency Mode,40mm T...",2499,8999,72.23,https://www.amazon.in/dp/B0F4N493XH
Sponsored Ad - Marshall Monitor III Active Noise Canceling Over Ear Bluetooth Headphones,29999,,,https://www.amazon.in/dp/B0DFDT1TWC
"Sponsored Ad - Sennheiser Momentum 4 Wireless Over Ear Headphones, German Design, ANC, 60h Battery, Customizable Sound, 4 ...",20990,34990,40.01,https://www.amazon.in/dp/B0CQ2TBSPV
"M.G.R.J® Headphone EarPads for Sony WH-CH500/CH510/CH520, MDR ZX100/ZX110/ZX110NC/ZX220/XB200/ZX300/ZX330BT,MDR-V100/V150/...",599,999,40.04,https://www.amazon.in/dp/B0F88FVZKV
"HAMMER Bash Max Over The Ear Wireless Bluetooth Headphones with Mic, Touch Control, Deep Bass, Upto 40 Hours Playtime, Blu...",1999,8245,75.76,https://www.amazon.in/dp/B0CBFYNWWG
"boAt Rockerz 425 Bluetooth Wireless Over Ear Headphones with Mic Signature Sound, Beast Mode for Gaming, Enx Tech, ASAP Ch...",1099,2999,63.35,https://www.amazon.in/dp/B09QL3NQHX
"Sony WF-C500 Bluetooth Earbuds with Mic, TWS, Up to 20Hrs Battery-Black",4999,8990,44.39,https://www.amazon.in/dp/B09PC695Q9
"JBL C100SI Wired In Ear Headphones With Mic, Pure Bass Sound, One Button Multi-Function Remote, Premium Metallic Finish, A...",549,1299,57.74,https://www.amazon.in/dp/B01DEWVZ2C
"BonKaso Headphone Carrying Case – Hard Shell Vinyl Protective Case Compatible with Boat Rockerz 550, Sony WH-CH510/CH710N,...",469,999,53.05,https://www.amazon.in/dp/B0F5X25WNN
"Sony WH-CH710N Active Noise Cancelling Wireless Headphones Bluetooth Over Ear Headset with Mic for Phone-Call, 35Hrs Batte...",,,,https://www.amazon.in/dp/B0872FKQZZ
Bluetooth Earphones for Sony Xperia Ace 2 Earphones Original Like Wireless Bluetooth Neckband in-Ear Headphones Headset wi...,499,1599,68.79,https://www.amazon.in/dp/B0FDLDZW2D
"Sony INZONE H5 Wireless Gaming Headset, 360 Spatial Sound, Works with PC, PS5, 28 Hour Battery, 2.4Ghz Wireless and 3.5mm ...",15990,19990,20.01,https://www.amazon.in/dp/B0CNPGZXKJ
Earphones for Sony Xperia XA3 / XA 3 Earphones Original Like Wired in-Ear Headphones Stereo Deep Bass Head Hands-Free Head...,349,999,65.07,https://www.amazon.in/dp/B0CKRR8S4V
Sounce Headphone Vinyl Carrying Case Earpads Storage Bag Headphone Pouch Portable Anti-Pressure Compatible for Sony WH C51...,359,999,64.06,https://www.amazon.in/dp/B0DHS14C1Y
Wireless Earphones Headphones for Sony Xperia Pro Sports Bluetooth Wireless Earphone with Deep Bass and Neckband Hands-Fre...,599,1198,50.0,https://www.amazon.in/dp/B09HP1MNJC
"Noise Airwave Max 3 Bluetooth On Ear Headphones with 70H Playtime, 40mm Driver, Low Latency(up to 45ms),Dual Pairing, BT v...",1699,5499,69.1,https://www.amazon.in/dp/B0CY1Z6WGN
Bluetooth Earphones for Sony Xperia 10 Plus / Xperia10 Plus Earphones Original Like Wireless Bluetooth Neckband in-Ear Hea...,1199,2499,52.02,https://www.amazon.in/dp/B0CKWBQ781
"Sponsored Ad - ZEBRONICS Duke Over Ear Wireless Headphone with Up to 60h Backup,Supports Bluetooth,Dual Pairing,Gaming Mod...",899,1999,55.03,https://www.amazon.in/dp/B088FM4QG4
"Sponsored Ad - Skullcandy Crusher ANC 2 Over-Ear 4-Mic Active Noise Cancelling Wireless Headphones with Sensory Bass, 40mm...",14999,49999,70.0,https://www.amazon.in/dp/B0C9L8ZR6Q
"Earphones for Sony Xperia C4 Dual, Sony Xperia Z2, Sony Xperia XA Ultra, Sony Xperia C5 Ultra Dual, Sony Xperia Z3 Wired H...",349,699,50.07,https://www.amazon.in/dp/B0FDBD9GWD
"truke Newly Launched BTG 500 Over The Ear Gaming Headphone with 40mm Drivers, 10H of Playtime, Dual Pairing, Gaming Mode (...",899,2499,64.03,https://www.amazon.in/dp/B0D9YNNSJ3
"in-Ear Headphone for Sony Xperia XZ3, Sony XZ 3 in- Ear Headphone | Earphones | Headphone| Handsfree | Headset Wired | MIC...",348,999,65.17,https://www.amazon.in/dp/B0CKHCJ84J
"Bose New QuietComfort Ultra Wireless Noise Cancelling Headphones with Spatial Audio, Over-The-Ear Headphones with Mic, Up ...",24989,35900,30.39,https://www.amazon.in/dp/B0CCZ1L489
Bluetooth Earphones for Sony Xperia Ace 2 Earphones Original Like Wireless Bluetooth Neckband in-Ear Headphones Headset wi...,499,1599,68.79,https://www.amazon.in/dp/B0FQ685KLL
"HAMMER Bash Max Over The Ear Wireless Bluetooth Headphones with Mic, Touch Control, Deep Bass, Upto 40 Hours Playtime, Blu...",1999,8245,75.76,https://www.amazon.in/dp/B0CBFZYZM6
Sony WH-CH510 Bluetooth Wireless On Ear Headphones with Mic (Black),4799,4990,3.83,https://www.amazon.in/dp/B07WSKKYPR
Earphones for Sony Xperia 10 / Xperia10 Earphones Original Like Wired in-Ear Headphones Stereo Deep Bass Head Hands-Free H...,349,999,65.07,https://www.amazon.in/dp/B0CKRPDN1P
"ZEBRONICS SILENCIO 111, Wireless Headphone, Hybrid ANC (50dB), 55*Hrs Backup, Transparency Mode, 40mm Titanium Drivers, 3 ...",2499,8999,72.23,https://www.amazon.in/dp/B0F4N3T2PH
Bluetooth Earphones for Sony Xperia XA2 / XA 2 Earphones Original Like Wireless Bluetooth Neckband in-Ear Headphones Heads...,499,1599,68.79,https://www.amazon.in/dp/B0FDLDWJP2
"GM G+ Headphones, Over The Ear Headphones with Mic, BT 5.3, Pure Bass, 45ms Low Latency, Dual Pairing, 4 Play Modes (FM, R...",1499,3299,54.56,https://www.amazon.in/dp/B0CT2P4TXP
Bluetooth Earphones for Sony Xperia XA Ultra Dual Earphones Original Like Wireless Bluetooth Neckband in-Ear Headphones He...,1199,2499,52.02,https://www.amazon.in/dp/B0CKWBWH5W
"Street27® Replacement Earpads Compatible with Sony WH-1000XM4 (WH1000XM4) Headphones, Soft Protein Leather Ear Pads Cushio...",649,2499,74.03,https://www.amazon.in/dp/B0BPQT34ML
"Sony INZONE Buds WF-G700N Truly Wireless Noise Cancelling Gaming in-Ear Earbuds, with 24 Hour Battery, for Mobile, PC, PS...",14592,22990,36.53,https://www.amazon.in/dp/B0CR9YYYC1
"boAt Rockerz 430 w/ 40mm Drivers, Beast Mode w/ 40ms Latency, 40hrs Playback, ENx Tech, Voice Assistant, BTv5.4, Adaptive ...",1099,2490,55.86,https://www.amazon.in/dp/B0DGTSTQWL
Sony WI-C300 Wireless Bluetooth In Ear Neckband Headphone with Mic (Black),,,,https://www.amazon.in/dp/B079GXN788
"Sponsored Ad - Audio-Technica ATH-M50xBT2 Bluetooth Wireless Over Ear Headphones with Dual mic, 45MM Large-Aperture Driver...",18989,23490,19.16,https://www.amazon.in/dp/B0BK12XQNB
Wireless BT 335 for Sony Xperia 5 V Original Bluetooth CV Wireless Earphone with Deep Bass and Neckband Hands-Free Calling...,599,1999,70.04,https://www.amazon.in/dp/B0CXDNHVF5
Bluetooth Earphones for Sony Xperia 1 IV Earphones Original Like Wireless Bluetooth Neckband in-Ear Headphones Headset wit...,889,3499,74.59,https://www.amazon.in/dp/B0CKWB5NPS
"Sonos Ace | Noise Cancelling Wireless Over-Ear Headphones with Bluetooth, 30-Hour Battery Life, Spatial Audio, Dolby Atmo...",29999,39999,25.0,https://www.amazon.in/dp/B0D37R7X6Z
"SOULWIT Replacement Earpads for Sony WHXB700/WH XB700 Wireless Extra Bass Bluetooth Headphones, Ear Pads Cushions with Hig...",799,39950,98.0,https://www.amazon.in/dp/B0BMKWCHMF
YellowInc Case Cover Compatible with Sony WH-1000XM5 Headphones (Navy Blue),899,1999,55.03,https://www.amazon.in/dp/B0D8H1KZB5
"GEEKRIA Boom Mic Headphones Cable Compatible with Sony WH-ULT900N WH-1000XM5 WH-1000XM4 WH-XB920N, 3.5mm Jack Nylon Braide...",2213,2656,16.68,https://www.amazon.in/dp/B08SBRBB5D
Bluetooth Earphones for Sony Xperia Ace 2 Earphones Original Like Wireless Bluetooth Neckband in-Ear Headphones Headset wi...,499,1599,68.79,https://www.amazon.in/dp/B0FDLF4D2K
"SOULWIT Earpads Cushions Replacement for Sony WH-XB910 XB910N Extra Bass Noise Cancelling Headphones, for Sony WHXB910N Wi...",897,44850,98.0,https://www.amazon.in/dp/B0B8H8DKW6
Crysendo Headphone Cushion Compatible with Sony WH CH500/ Sony WH CH510/ Sony WH CH520 | 70mm Replacement Headset Ear Cush...,199,849,76.56,https://www.amazon.in/dp/B09PJGL6DL
"SOULWIT Earpads for Sony WH-XB900N/WH-CH710N/WH-CH720N/WH-RF400/MDR-RF895RK Headphones, Ear Pads Cushions with Soft Protei...",799,2000,60.05,https://www.amazon.in/dp/B099KV1K9X
"Street27® 80mm Headphone Cushion Compatible with Rockerz 450, 450 Pro, Sony WHXB700/WH XB700 Extra Bass Bluetooth Headphon...",284,899,68.41,https://www.amazon.in/dp/B0D7PS4DJP
"Sounce Hard Shell EVA Headphone Carrying Case for Universal Oversized Over-Ear Headset,Travel Headphone Bag Shockproof, Wa...",449,1299,65.43,https://www.amazon.in/dp/B0DHRYPZHV
"SOULWIT Earpads Cushions Replacement for Sony WH-XB910 XB910N Extra Bass Noise Cancelling Headphones, for Sony WHXB910N Wi...",986,49300,98.0,https://www.amazon.in/dp/B0B8HBSDRZ
"Street27® Replacement Ear Pads Cushions Compatible with Sony WH-1000XM3 (WH1000XM3) Headphones, Soft Protein Leather Earpa...",616,1999,69.18,https://www.amazon.in/dp/B0BPYBKCPJ
Bluetooth Earphones for Sony Xperia 6 / Xperia6 Earphones Original Like Wireless Bluetooth Neckband in-Ear Headphones Head...,499,1599,68.79,https://www.amazon.in/dp/B0DKDDMY3V
"SOULWIT Earpads for Sony WH-XB900N/WH-CH710N/WH-CH720N/WH-RF400/MDR-RF895RK Headphones, Ear Pads Cushions with Soft Protei...",1075,53750,98.0,https://www.amazon.in/dp/B099K2D8GB
"Sponsored Ad - Skullcandy Crusher ANC 2 Over-Ear Wireless Headphones | Active Noise Cancellation, Sensory Bass, Dual Pairi...",14999,64999,76.92,https://www.amazon.in/dp/B0CPNY59RJ
"Sponsored Ad - ZEBRONICS Duke Plus, Wireless Over Ear Headphone with ANC, ENC, Gaming Mode, Dual Pairing, Rapid Charge, Up...",1399,7999,82.51,https://www.amazon.in/dp/B0D573NP19
"Geekria Shield Headphones Case Compatible with Sony WH-CH720N, WH-1000XM5, WH-1000XM4, WH-XB910N, Replacement Hard Shell T...",1880,2575,26.99,https://www.amazon.in/dp/B06XCDVNK2
"(Refurbished) Sony Inzone H5 Wireless Gaming Headset,360 Spatial Sound,Works with Pc,Ps5,28 Hour Battery,2.4Ghz Wireless a...",3497,12990,73.08,https://www.amazon.in/dp/B0D936W6PN
"Sony SRS-XV800 X-Series Wireless Portable Bluetooth Karaoke Party Speaker IPX4 Splash-Resistant with 25 Hour-Battery, Buil...",35990,64990,44.62,https://www.amazon.in/dp/B0C29RGC8L
"VERTUS® Headphone Protective Storage Case Cover for Sony WH-CH720N, WH-CH710N, WH-XB900N, WH-XB910N Headphones Storage Bag...",466,999,53.35,https://www.amazon.in/dp/B0FP5FXC88
Crysendo Headphone Cushion for Son-y WH-XB700 Headphones | Replacement Ear Cushion Foam Cover Ear Pads Soft Cushion | Prot...,299,1699,82.4,https://www.amazon.in/dp/B09S9YJCCJ
Bowers & Wilkins Flagship Wireless Headphones Noise Cancelling Headphones Tan Leather B&W Px8/T - Over Ear,100000,,,https://www.amazon.in/dp/B0BHHMLVRY
"SOULWIT Professional Earpads Cushions Replacement for Sony WH-1000XM3 (WH1000XM3) Over-Ear Headphones, Ear Pads with Softe...",717,35850,98.0,https://www.amazon.in/dp/B082B4WPNS
"SOULWIT Earpads Replacement for Sony WH-CH500/CH510/CH520,MDR-ZX100/ZX110/ZX110NC/ZX220/XB200/ZX300/ZX330BT,MDR-V100/V150/...",844,2000,57.8,https://www.amazon.in/dp/B0DRJ9TX2R
"Street27® Earpads Cushion Compatible with Sony WH-XB910 XB910N Wireless Headphones, Ear Pads with Soft Protein Leather Hig...",649,1499,56.7,https://www.amazon.in/dp/B0D853NFVV
"Sounce Headphone Headband Cover | Universal Replacement Protector Sleeve for Bose, Sony, Audio-Technica, AKG, Sennheiser, ...",269,999,73.07,https://www.amazon.in/dp/B0DY7F6QGK
"Geekria NOVA Headphones Case for Over-Ear Headphones, Replacement Hard Shell Travel Carrying Bag with Cable Storage Compat...",1756,2107,16.66,https://www.amazon.in/dp/B0BG4JGK62
"Street27® 70mm Headphone Cushion Compatible with Boat Rockerz 400, 430, 370, 900, Sony WH CH500/ CH510/ CH520 Headphones, ...",299,749,60.08,https://www.amazon.in/dp/B0D1Z2FF7S
"SOULWIT Earpads Replacement for Sony WH-CH500/CH510/CH520,MDR-ZX100/ZX110/ZX110NC/ZX220/XB200/ZX300/ZX330BT,MDR-V100/V150/...",749,2000,62.55,https://www.amazon.in/dp/B09ZPHLD3Z
"SOULWIT Hinge Swivel Replacement for Sony WH-1000XM4 Headphones, Left & Right Rotation Joint Pivot Repair Parts Accessorie...",1399,2000,30.05,https://www.amazon.in/dp/B0FM4HJ2N1
M.G.R.J® Portable Carrying Case Cover for Sony WH-CH720N / WH-CH710N / WH-XB900N / WH-XB910N Headphone (Hard|EVA|Black),809,999,19.02,https://www.amazon.in/dp/B0CXSS36FT
"Crysendo Headphone Cushion Compatible with Son-y MDR-XB450, XB450AP, XB550AP Headphones | Replacement Ear Cushion Foam Cov...",739,1699,56.5,https://www.amazon.in/dp/B0C8B66RTZ
"Sponsored Ad - Audio-Technica Ath-M20Xbt Wireless Over-Ear Headphones, Bluetooth 5.0, 60-Hour Battery Life, 40 mm Drivers,...",7989,798900,99.0,https://www.amazon.in/dp/B09VJJLFX9
"SOULWIT Earpads for Sony WH-XB900N/WH-CH710N/WH-CH720N/WH-RF400/MDR-RF895RK Headphones, Ear Pads Cushions with Soft Protei...",1075,53750,98.0,https://www.amazon.in/dp/B0D9Y1HVV4
"VERTUS Headphone Carrying Hard Storage Bag Case Cover Compatible for Skullcandy Hesh ANC, Crusher Evo, Bose QC45 QC35 II, ...",845,999,15.42,https://www.amazon.in/dp/B0CFLQTNRM
"SOULWIT Cooling Gel Replacement Earpads for Sony WH-XB900N/WH-CH710N/WH-CH720N/WH-RF400/MDR-RF895RK Headphones, Ear Pads C...",1166,58300,98.0,https://www.amazon.in/dp/B0CBLQGDQN
M.G.R.J® Portable Carrying Case Cover for Sony WH-1000XM4 / WH-1000XM3 / WH1000XM2 / WH-XB910N / MDR1000X Bluetooth Wirele...,769,999,23.02,https://www.amazon.in/dp/B0CGZLFV3F
"SOULWIT Replacement Headband Pad Kit for Sony WH-XB700 (XB700 WHXB700) Extra Bass Headphones (Do Not Fit MDR-XB700), Heads...",896,2000,55.2,https://www.amazon.in/dp/B0DNK6QYV6
"SOULWIT Headband Cover for Sony WH-XB910N, WHXB910 Extra BASS Noise Cancelling Headphones (Do Not Fit WH-XB900N), Replacem...",1399,2000,30.05,https://www.amazon.in/dp/B0FNMLL2R6
"SOULWIT Replacement Earpads for Sony WH-1000XM4 (WH1000XM4) Headphones, Ear Pads Cushions with Noise Isolation Foam, Added...",999,49950,98.0,https://www.amazon.in/dp/B09BW32ZCZ
GadgetBite Headphone Carrying EVA Case Earpads Storage Bag Headphone Pouch Portable Anti-Pressure Compatible with Boat 55...,399,1999,80.04,https://www.amazon.in/dp/B09RPCBYW9
"SOULWIT Protective Headband Pad Cover for Sony WH-1000XM3 (WH1000XM3)/WH-1000XM4 (WH1000XM4) Over-Ear Headphones, Easy DIY...",558,1600,65.12,https://www.amazon.in/dp/B0DJT2TX2N
"SOULWIT Replacement Earpads for Sony WH-1000XM4 (WH1000XM4) Headphones, Ear Pads Cushions with Noise Isolation Foam, Added...",1299,64950,98.0,https://www.amazon.in/dp/B0CNGSF9VJ
Crysendo Headphone Cushion Compatible with Sony MDR-XB450 Headphones | Replacement Earpads Earcups Cover | PU Leather & Me...,319,1699,81.22,https://www.amazon.in/dp/B0B3JF7WMS
GadgetBite Headphone Carrying EVA Case Earpads Storage Bag Headphone Pouch Portable Anti-Pressure Compatible with Boat 55...,449,1649,72.77,https://www.amazon.in/dp/B09QYTJD4L
Sounce EVA Portable Storage Box for Earphones & Headphones | Hard Shell Carrying Case for Over-Ear Bluetooth Headset | Sho...,161,699,76.97,https://www.amazon.in/dp/B0DY7VJ4SS
"SOULWIT Headband Cover for Sony WH-XB910N, WHXB910 Extra BASS Noise Cancelling Headphones (Do Not Fit WH-XB900N), Replacem...",1399,2000,30.05,https://www.amazon.in/dp/B0FNMM3TXX
Crysendo Headphone Cushion for Audio Technica M30 / M35 / M40x / M50 / M50x / M50s Audio Technica M-Series Headphone | Pro...,299,849,64.78,https://www.amazon.in/dp/B08L834RCZ
Spigen Rugged Armor Designed for Sony WF-1000XM5 Case Cover (2023) Durable Protection - Matte Black,989,1799,45.03,https://www.amazon.in/dp/B0CHGKS7HG
"Sponsored Ad - Srhythm NC25 Wireless Headphones Bluetooth 5.3,Lightweight Noise Cancelling Headset Over-Ear with Low Laten...",5143,9999,48.56,https://www.amazon.in/dp/B083S6Q8VK
"SOULWIT Protective Headband Pad Cover for Sony WH-1000XM5 (WH1000XM5) Over-Ear Headphones, Easy DIY Installation - Silver",749,2000,62.55,https://www.amazon.in/dp/B0F8HQK2HJ
Mobi Lock 2pcs Gold Plated Airplane Flight Headphone Adapters - Use Own Headphones with Plane's in-Flight Entertainment Sy...,174,800,78.25,https://www.amazon.in/dp/B00NLL1HHU
YellowInc Case Cover Compatible with Sony WH-1000XM5 Headphones (Black),809,1999,59.53,https://www.amazon.in/dp/B0D8H3KT2W
GadgetBite Headphone Carrying EVA Case Earpads Storage Bag Headphone Pouch Portable Anti-Pressure Compatible with Boat 55...,449,1499,70.05,https://www.amazon.in/dp/B09P8MF116
"SOULWIT Earpads Replacement for Sony WH-CH500/CH510/CH520,MDR-ZX100/ZX110/ZX110NC/ZX220/XB200/ZX300/ZX330BT,MDR-V100/V150/...",807,2000,59.65,https://www.amazon.in/dp/B0DYDKP599
"SOULWIT Cooling Gel Replacement Earpads Cushions for Sony WH-1000XM2 (WH1000XM2) & MDR-1000X (MDR1000X) Headphones, Ear Pa...",1599,79950,98.0,https://www.amazon.in/dp/B0CN8W2R7D
"Crysendo Headphone Ear Cushion Cover for Audio Technica, Son-y, JBL, Jabra Headphones | Protectors for 4-8cm Earpads | Str...",149,1699,91.23,https://www.amazon.in/dp/B0FJXPR6QC
"SOULWIT Professional Earpads Cushions Replacement for Sony MDR-XB950 XB950BT XB950B1 XB950N1 XB950AP Over-Ear Headphones, ...",807,40350,98.0,https://www.amazon.in/dp/B09YLGV4ZM
Crysendo Headphone Cushion Compatible with JBL Infinity Glide 500 & 700 Ear Cushion Pads | Replacement Ear Pad Covers | PU...,149,849,82.45,https://www.amazon.in/dp/B09P1JZ4VR
"M.G.R.J® Hard Travel Carrying Headphone Case Cover for Sony PS5 Pulse 3D / INZONE H9, WH-G900N / INZONE H7, WH-G700 Gaming...",859,1999,57.03,https://www.amazon.in/dp/B0D9QJ1PVL
Crysendo Headphone Headband for Son-y MDR-XB450 Headphones | Replacement Head Band with Strong 3M Adhesive | PU Leather & ...,499,1699,70.63,https://www.amazon.in/dp/B0CL9ZFQ24
GadgetBite Headphone Carrying EVA Case Earpads Storage Bag Headphone Pouch Portable Anti-Pressure Compatible with Boat 55...,399,1649,75.8,https://www.amazon.in/dp/B09P8MLJ3C
"ZORBES® Headphone Travel Case Storage Bag for Sony CH520/Soundcore Q20i, for JBL Tune 720BT/510BT, EVA Hard Shell Zipper T...",720,1139,36.79,https://www.amazon.in/dp/B0FFTFS2TL
"SOULWIT Replacement Headband Pad Kit for Sony WH-CH520(Do Not Fit WH-CH510), Headstrap for WHCH520 Headphones, Easy DIY In...",844,1600,47.25,https://www.amazon.in/dp/B0F1YBGPKH
Crysendo Headphone Cushion Compatible with Sony MDR 7506 / MDR 7806 / MDR V6 / MDR-V7 / CD900ST Earpads | Replacement Head...,299,14950,98.0,https://www.amazon.in/dp/B08QCN8QKQ
"Meyaar Universal Replacement Headphone Headband Case, Headband Cushion Pad Cover Compatible with Boat, Boult, Sony, Bose, ...",399,999,60.06,https://www.amazon.in/dp/B0DQ9D1H2V
"Sponsored Ad - Bose New QuietComfort Wireless Noise Cancelling Headphones, Bluetooth Over Ear Headphones with Up to 24 Hou...",19989,27900,28.35,https://www.amazon.in/dp/B0CCZ26B5V
"Sponsored Ad - ZEBRONICS Thunder Max Bluetooth Over Ear Headphone with 120*Hrs Playback, 3 EQ Modes, 40mm Bass Driver, Fas...",899,2499,64.03,https://www.amazon.in/dp/B0DJT3NS1X
"Crysendo Headphone Cushion for Son-y WH-H900N, Son-y MDR-100ABN Headphone | Premium Protein Leather & High-Density Foam | ...",599,1699,64.74,https://www.amazon.in/dp/B0BJTL8Q3D
GadgetBite Headphone Carrying EVA Case Earpads Storage Bag Headphone Pouch Portable Anti-Pressure Compatible with Boat 55...,475,1649,71.19,https://www.amazon.in/dp/B09P8MSC8R
Stealodeal Eva Portable Storage Box Earphone Headset Carry Pouch Headphone Carrying Case,206,999,79.38,https://www.amazon.in/dp/B08JTMCSM9
"Crysendo Headphone Cushion for Son-y WH-H900N, Son-y MDR-100ABN Headphone | Premium Protein Leather & High-Density Foam | ...",299,849,64.78,https://www.amazon.in/dp/B0BNX9KVWJ
"GEEKRIA Audio Cable Compatible with Sony WH-1000XM6/1000XM5/1000XM4, XB920N/XB910N, CH720N, ULT Wear Headphones Cable, 1/...",893,,,https://www.amazon.in/dp/B075PZNRKG
Stealodeal Hard Storage Case Box for Over The Ear Headphones,407,999,59.26,https://www.amazon.in/dp/B0811LHVWX
"Geekria Shield Headphones Case Compatible with Bose QC Ultra II, Sony WH-1000XM5, Skullcandy Crusher ANC 2 Case, Replaceme...",2106,2344,10.15,https://www.amazon.in/dp/B08LSRJ78Y
"M.G.R.J® Portable Carrying Case Cover for Sony WH-CH510/520, JBL Tune 520BT / 510BT / 500BT / T450BT Headphone (Hard|EVA|B...",809,999,19.02,https://www.amazon.in/dp/B0CCNRXL4Q
"Mizi Headphone Headband Cover for Audio-Technica, Beat, Bose, AKG, Sennheiser, Skullcandy, Sony, Replacement Headband Cove...",379,899,57.84,https://www.amazon.in/dp/B0CPY36FV6
"SOULWIT Earpads Replacement for Sony MDR-XB450 (MDRXB450)/XB450AP/XB550 Headphones, Ear Pads Cushions with High-Density No...",807,2000,59.65,https://www.amazon.in/dp/B0DP2DPD15
"SOULWIT Replacement Earpads for Sony WH-H910N h.Ear on 3 Wireless Noise-Canceling Headphones, Ear Pads Cushions with Soft ...",1033,2000,48.35,https://www.amazon.in/dp/B0FBWTWJ9R
"Mizi Headphone Headband Cover for Audio-Technica, Beat, Bose, AKG, Sennheiser, Skullcandy, Sony, Replacement Headband Cove...",449,899,50.06,https://www.amazon.in/dp/B0C3QZZJ99
M.G.R.J® Hard Travel Carrying Headphone Case Cover for Sony WH-CH720N / WH-CH710N / WH-ULT900N / WH-XB900N / WH-XB910N / S...,899,1999,55.03,https://www.amazon.in/dp/B0DB8CF3NC
"SOULWIT Replacement Ear Pads Cushions for Sony WH-CH700N (WHCH700N) & MDR-ZX780 (ZX780DC)/MDR-ZX770 (ZX770BN ZX770BT), Ear...",1166,58300,98.0,https://www.amazon.in/dp/B09WJ1MTRP
YellowInc Case Cover Compatible with Sony WH-1000XM5 Headphones (Pebble Brown),899,1999,55.03,https://www.amazon.in/dp/B0D8H484P6
"SOULWIT Earpads Cushions Replacement for Sony WH-XB910 XB910N Extra Bass Noise Cancelling Headphones, for Sony WHXB910N Wi...",1345,67250,98.0,https://www.amazon.in/dp/B0CXT4HPRV
"Sponsored Ad - JLab JBuds LUX ANC Smart Active Noise Cancelling Headphones - Over Ear Wireless Headphones with Microphone,...",3999,7799,48.72,https://www.amazon.in/dp/B0CRMB9Z84
"Sponsored Ad - Srhythm NC25 Hybrid Noise Cancelling Headphones Over Ear, Wireless Bluetooth 5.3, 50H Playtime, Transparenc...",5143,514300,99.0,https://www.amazon.in/dp/B07F62W3TQ
"SOULWIT Earpads Cushions Replacement for Sony WH-XB910 XB910N Extra Bass Noise Cancelling Headphones, for Sony WHXB910N He...",1299,2000,35.05,https://www.amazon.in/dp/B0FF24DBGG
Crysendo Headphone Headband for Son-y MDR-XB450 Headphones | Replacement Head Band with Strong 3M Adhesive | PU Leather & ...,469,849,44.76,https://www.amazon.in/dp/B0CLCZCQT6
"SOULWIT Cooling Gel Earpads Cushions Replacement for Sony MDR-XB950 XB950BT XB950B1 XB950N1 XB950AP Over-Ear Headphones, E...",1316,2600,49.38,https://www.amazon.in/dp/B0DPHG9TT1
"Crysendo Headphone Cushion for Son-y WH-H900N, Son-y MDR-100ABN Headphone | Premium Protein Leather & High-Density Foam | ...",499,849,41.22,https://www.amazon.in/dp/B0DMJTKH2M
"Crysendo Headphone Cushion for Son-y WH-H900N, Son-y MDR-100ABN Headphone | Premium Protein Leather & High-Density Foam | ...",769,1699,54.74,https://www.amazon.in/dp/B0BY28DC73
M.G.R.J® Hard Travel Carrying Headphone Case Cover for Sony WH-1000XM5 / WH-1000XM4 / WH-XB900N / WH-XB910N Wireless Headp...,859,1999,57.03,https://www.amazon.in/dp/B0DK566WJX
"SOULWIT Headphones Broken Hinge Fix Linking Connectors Repair Kit for Sony WH-1000XM5 (WH1000XM5), Replacement Folding Joi...",1899,2000,5.05,https://www.amazon.in/dp/B0FDQYLCYN
"GEEKRIA Audio Cable Compatible with Sony Inzone H9 II, WH-1000XM6/1000XM5/1000XM4, WH-XB910N/XB900N, WH-CH720N Headphones,...",760,804,5.47,https://www.amazon.in/dp/B08QD1CKCD
"Crysendo Headphone Cushion for Son-y MDR-XB950, XB950B1, XB950N1, XB950BT, XB950AP Headphones | Noise Isolation Earpads, P...",299,849,64.78,https://www.amazon.in/dp/B0CL9Z7Z1T
"Geekria Shield Headphones Case Compatible with Sony WHCH510, WHCH500, MDR-XB610, MDR-XB600, MDR-XB400, MDR-ZX600 Case, Rep...",710,1705,58.36,https://www.amazon.in/dp/B07Z25LS5V
"SOULWIT Lambskin Earpads Cushions Replacement for Sony WH-XB910 XB910N Extra Bass Noise Cancelling Headphones, for Sony WH...",1883,3000,37.23,https://www.amazon.in/dp/B0FDB3XRXD
"Crysendo Headphone Cushion for Son-y WH-XB910, XB910N Headphone | Replacement Ear Cushion Foam Cover Ear Pads Soft Cushion...",749,1699,55.92,https://www.amazon.in/dp/B0BT9FM1H7
"SOULWIT Replacement Earpads for Sony MDR-XB650 BT (MDRXB650) Wireless Headphones, Ear Pads Cushions with Soft Protein Leat...",1316,2000,34.2,https://www.amazon.in/dp/B0F9YQYHDC
"SOULWIT Cooling Gel Earpads Cushions Replacement for Sony MDR-XB950 XB950BT XB950B1 XB950N1 XB950AP Over-Ear Headphones, E...",1399,2600,46.19,https://www.amazon.in/dp/B0DPHGKVGV
CALANDIS® Replacement Ear Pads Ear Cushions for Sony Mdr-Zx110 V150 V250 V300 Headphones White,395,693,43.0,https://www.amazon.in/dp/B0BGY27RBJ
"Geekria Shield Headphones Case Compatible with Sony WH-XB920N/XB900N/1000XM5/1000XM4, Replacement Hard Shell Travel Carryi...",2155,2586,16.67,https://www.amazon.in/dp/B08CDJ8RZ9
Sponsored Ad - Audio-Technica ATH-M20x Over-Ear Professional Studio Monitor Headphones,4199,7788,46.08,https://www.amazon.in/dp/B00HVLUR18
"Sponsored Ad - GOBOULT X Mustang Q Over Ear Bluetooth Headphones with 70H Playtime, 40mm Bass Drivers, Zen ENC Mic, Type-C...",2299,6999,67.15,https://www.amazon.in/dp/B0DT9T945X
"SOULWIT Earpads Cushions Replacement for Sony PlayStation 5 Pulse PS5 3D Wireless Headset, Ear Pads Cushions with Soft Pro...",1166,58300,98.0,https://www.amazon.in/dp/B09G2S7NRW
Crysendo Headphone Cushion for Son-y WH-1000XM2 & MDR-1000X Headphone | Replacement Pads Ear Cushion Ear Pads with Protein...,799,1699,52.97,https://www.amazon.in/dp/B0B9Y8M875
Stoyobe Headphones Dustproof Protective Case for Sony WH-CH720N (Beige),979,999,2.0,https://www.amazon.in/dp/B0CRVDG298
Capes Skin Cover Compatible with Sony WH-1000XM4 Headphones | Anti Scratch & Heat Resistant | Protective Wrap | Not a Case...,999,1499,33.36,https://www.amazon.in/dp/B0D76NJGDX
"SOULWIT Protein Leather Headband Cover for Sony WH-XB900N Wireless Noise Canceling Headphones (Do Not Fit WH-XB910N), Repl...",1221,2000,38.95,https://www.amazon.in/dp/B0DJ6P7LNC
"SOULWIT Mesh Fabric Earpads Replacement for Sony MDR-7506 MDR-V6 MDR-V7 MDR-CD900ST Monitor Headphones, Ear Pads Cushions ...",999,49950,98.0,https://www.amazon.in/dp/B0C9PLDCP4
"Sounce 10 Pieces (5 Pairs) Replacement Earbud Ear Tips Earphone [Fit Inner Hole 3.8mm - 4.2mm Headphones], Hybrid Silicone...",11,999,98.9,https://www.amazon.in/dp/B09WR89F5X
SOULWIT Replacement Earpads Cushions for Sony WH-H900N (h.Ear on 2 Wireless) & MDR 100ABN (h.Ear on Wireless) Noise Cancel...,1411,70550,98.0,https://www.amazon.in/dp/B0CXX6RWQJ
"WC Wicked Cushions Extra Thick Earpads for Sony XM5 - Soft PU Leather Cushions, Luxurious Noise Isolating Memory Foam, Add...",1009,3039,66.8,https://www.amazon.in/dp/B0BZLDW596
"WC Wicked Cushions Extra Thick Earpads for Sony XM5 - Soft PU Leather Cushions, Luxurious Noise Isolating Memory Foam, Add...",1099,3039,63.84,https://www.amazon.in/dp/B0BZLC4YKH
"soundcore by Anker Q20i Wireless Bluetooth Over-Ear Headphones with Hybrid Active Noise Cancelling, 40h Playtime in ANC Mo...",3699,9598,61.46,https://www.amazon.in/dp/B0C3KWT5V6
Wireless BT 352 for Sony Xperia 10 V Original Bluetooth CV Wireless Earphone with Deep Bass and Neckband Hands-Free Callin...,599,1599,62.54,https://www.amazon.in/dp/B0DRNTFVNJ
"SOULWIT Protective Headband Pad Cover for Sony WH-1000XM5 (WH1000XM5) Over-Ear Headphones, Easy DIY Installation - Navy Blue",749,1600,53.19,https://www.amazon.in/dp/B0DJT4SN4M
"Sponsored Ad - Sennheiser Accentum Wireless Bluetooth Over Ear Headphones with Mic -Designed in Germany Audio,50Hr Batter...",8990,14990,40.03,https://www.amazon.in/dp/B0CGR586KV
Sponsored Ad - Jabra Evolve2 85 Link380c UC Stereo Wireless Bluetooth Over the Ear Headphone with Mic,62023,,,https://www.amazon.in/dp/B08JYMJ2FV
Crysendo Headphone Cushion for Sony mdr zx310a Headphones | 70mm Headphone Cushion Frog Leather Cushion 7cm Ear Cushion | ...,499,849,41.22,https://www.amazon.in/dp/B09VZDF8FF
Stealodeal Headset Headphone Carrying Case Earpads Storage Bag Headphone Pouch Portable Anti-Pressure (EVA-Black),431,999,56.86,https://www.amazon.in/dp/B0811LP51K
"SOULWIT Professional Earpads Cushions Replacement for Sony WH-1000XM3 (WH1000XM3) Over-Ear Headphones, Ear Pads with Softe...",1222,2000,38.9,https://www.amazon.in/dp/B0F6C9ZSB6
"SOULWIT Replacement Earpads Cushions for Sony WH-1000XM2 (WH1000XM2) & MDR-1000X (MDR1000X) Headphones, Ear Pads with Nois...",1075,53750,98.0,https://www.amazon.in/dp/B0982WJ5R9
ELOR Silicone Case Cover Compatible with Sony WF-C710N | WF-C710NSA (Earbuds Not Included) (Carbon Black),249,599,58.43,https://www.amazon.in/dp/B0FQJCQLS3
"C-TYPE In-Ear Headphones Earphones for Sony Xperia 1 Metallic C Type Earphones with Mic and Volume Controller, High Bass H...",385,799,51.81,https://www.amazon.in/dp/B0CG5YMPX2
YellowInc Case Cover Compatible with Sony WH-1000XM5 Wireless Headphones Over Ear Headphones (Red),899,1999,55.03,https://www.amazon.in/dp/B0D8H3CMY1
GadgetBite Headphone Carrying EVA Case Earpads Storage Bag Headphone Pouch Portable Anti-Pressure Compatible with Boat 55...,449,1499,70.05,https://www.amazon.in/dp/B09P8LQ5L6
"SOULWIT Cooling Gel Replacement Earpads for Sony WH-H910N H910 h.Ear on 3 Wireless Noise-Canceling Headphones, Ear Pads Cu...",1165,58250,98.0,https://www.amazon.in/dp/B0CHB1KC3B
"SOULWIT Earpads Cushions Replacement for Sony WH-XB910 XB910N Extra Bass Noise Cancelling Headphones, for Sony WHXB910N He...",1222,2000,38.9,https://www.amazon.in/dp/B0F8HK94NW
SOULWIT Headband Hinge Swivel Rotation Joint Pivot Replacement Parts for Sony WH-CH720N(WHCH720N) Noise Canceling Wireless...,1399,2000,30.05,https://www.amazon.in/dp/B0FLXY9H6S
Type-C Earphones for Sony Xperia 5 Earphones Original Like Wired in-Ear Headphones Stereo Deep Bass Headset Earbud with Ty...,499,999,50.05,https://www.amazon.in/dp/B0CKXY89H5
SOULWIT Replacement Earpads Cushions for Sony WH-H900N (h.Ear on 2 Wireless) & MDR 100ABN (h.Ear on Wireless) Noise Cancel...,1099,54950,98.0,https://www.amazon.in/dp/B08XBNB8N5
"Geekria Silicone Headphone Cover Compatible with Sony WH-1000XM5, WH1000XM5 Wireless Headphones, Scratch Protection Case/E...",633,1420,55.42,https://www.amazon.in/dp/B0DRYGRBRQ
"SOULWIT Headband Hanger Bracket Swivel Hinge Rotation Joint Pivot Replacement Parts, Accessories for Sony WH-CH720N(WHCH72...",1255,2000,37.25,https://www.amazon.in/dp/B0F1YRHPP5
"HD Sound with High Bass Headphone for Sony Xperia ZR Earphone with Mic, Super Extra Bass, Melodious Sound, Magnetic Earbud...",439,1999,78.04,https://www.amazon.in/dp/B0FCNV42X1
"Sponsored Ad - ZEBRONICS Envy 2, Wireless Over Ear Headphone, ENC, Upto 65* Hours Playback, Gaming Mode, Dual Pairing, Blu...",1299,3299,60.62,https://www.amazon.in/dp/B0DJSQ726J
"Sponsored Ad - Skullcandy Hesh Evo Over-Ear Wireless Headphones, 40mm Drivers, 36Hr Playtime + Rapid Charge, Flat-Folding ...",5999,22999,73.92,https://www.amazon.in/dp/B08G1Y1V26
"Sponsored Ad - ZEBRONICS THUNDER Bluetooth 5.3 Wireless Headphones with 60H Backup, Gaming Mode, Dual Pairing, ENC, AUX, M...",599,1199,50.04,https://www.amazon.in/dp/B07L8KNP5F
Sony SoundID Reference for Speakers & Headphones with Measurement Microphone,37560,,,https://www.amazon.in/dp/B099NYN74K
"GOBOULT Newly Launched Q Over Ear Bluetooth Headphones with 70H Playtime, 40mm Bass Drivers, Zen™ ENC Mic, Type-C Fast Cha...",1499,5999,75.01,https://www.amazon.in/dp/B0FNN8HNKZ
"Sponsored Ad - Skullcandy Riff 2 On-Ear Wireless Headphones, 34 Hr Battery, Microphone, Works with iPhone Android and Blue...",3699,16999,78.24,https://www.amazon.in/dp/B0B75MQJQR
"Sponsored Ad - Bose QuietComfort Bluetooth Headphones, Wireless Headphones, Over Ear Noise Cancelling Headphones with Mic,...",19989,27900,28.35,https://www.amazon.in/dp/B0D4Z9BZV2
BonKaso AirPods Max Case– Hard Shell PU Leather Travel Carrying Case for Over-Ear Headphones | Compatible with AirPods Ma...,939,1999,53.03,https://www.amazon.in/dp/B0F5X3R53Y
"Street27® 3 Pairs 60mm/2.4"" Replacement Ultra Soft Foam Sponge Earpads Cushion Covers for Most Standard Size Office Teleph...",247,599,58.76,https://www.amazon.in/dp/B0D8FNTFFK
"HP H300 Over Ear Wireless Headset, Black",1199,3749,68.02,https://www.amazon.in/dp/B0D1XVTKR5
"Crysendo Headphone Cushion Compatible with JBL C300SI, T250SI, T450, T460BT, T600, 520BT Headphone | 70mm Frog Leather & S...",297,849,65.02,https://www.amazon.in/dp/B0BJDNFXTQ
"SOULWIT Cooling Gel Earpads Cushions for Audio-Technica ATH M50X/M40X, HyperX Cloud/Alpha, SteelSeries Arctis, Ear Pads fo...",1139,56950,98.0,https://www.amazon.in/dp/B0CH87W26T
"SOULWIT Protein Leather Cushions for Audio-Technica ATH M50X/M40X, HyperX Cloud/Alpha, SteelSeries Arctis, Ear Pads for So...",717,35850,98.0,https://www.amazon.in/dp/B09B9T76M7
Crysendo Headphone Cushion Crystal Replacement Headphone Cushion Foam Sponge Ear Pads | High Density Foam for Enhanced Com...,299,4983,94.0,https://www.amazon.in/dp/B084GQ916S
Cocoonkart Soft Silicone Case Cover for Sony WF-C510 (Black),299,599,50.08,https://www.amazon.in/dp/B0DK9JBP9S
"SOULWIT Cooling-Gel Earpads Replacement for Sony WH-1000XM4 (WH1000XM4) Headphones, Ear Pads Cushions with High-Density No...",1399,69950,98.0,https://www.amazon.in/dp/B0BRXQWHFL
Earphones for Sony Xperia R1 / R 1 Earphones Original Like Wired in-Ear Headphones Stereo Deep Bass Head Hands-Free Headse...,399,999,60.06,https://www.amazon.in/dp/B0CKRRN92Y
"Sponsored Ad - Bose New QuietComfort Ultra Wireless Noise Cancelling Headphones with Spatial Audio, Over-The-Ear Headphone...",24989,35900,30.39,https://www.amazon.in/dp/B0CCZ1HQ39
"Sponsored Ad - Audio-Technica Ath-M20Xbt Wireless Over-Ear Headphones, Bluetooth 5.0, 60-Hour Battery Life, 40 mm Drivers,...",8999,899900,99.0,https://www.amazon.in/dp/B0BTLF7KKJ
"Sony LinkBuds S WF-LS900N Noise Cancellation Bluetooth Earbuds, TWS, Hi-Res Audio, Up to 23Hrs Battery-White",16899,24990,32.38,https://www.amazon.in/dp/B09YL296PM
"Sponsored Ad - ZEBRONICS Zeb-Thunder PRO On-Ear Wireless Headphone Up to 60 Hours Playback, Wired Mode, USB-C Type Chargin...",749,1899,60.56,https://www.amazon.in/dp/B097JPDQR8
"Sponsored Ad - Skullcandy Icon ANC On-Ear Wireless Bluetooth Headphones - Active Noise Cancelling, 60Hr Battery + Rapid Ch...",6999,699900,99.0,https://www.amazon.in/dp/B0F797838S
